segment,lon,lat
0,-163.713,-78.596
0,-163.106,-78.223
0,-161.245,-78.38
0,-160.246,-78.694
0,-159.482,-79.046
0,-159.208,-79.497
0,-161.128,-79.634
0,-162.44,-79.281
0,-163.027,-78.929
0,-163.067,-78.87
0,-163.713,-78.596
,,
1,-6.198,53.868
1,-6.033,53.153
1,-6.789,52.26
1,-8.562,51.669
1,-9.977,51.82
1,-9.166,52.865
1,-9.689,53.881
1,-8.328,54.665
1,-7.572,55.132
1,-6.734,55.173
1,-5.662,54.555
1,-6.198,53.868
,,
2,141.0,-2.6
2,142.735,-3.289
2,144.584,-3.861
2,145.273,-4.374
2,145.83,-4.876
2,145.982,-5.466
2,147.648,-6.084
2,147.891,-6.614
2,146.971,-6.722
2,147.192,-7.388
2,148.085,-8.044
2,148.734,-9.105
2,149.307,-9.071
2,149.267,-9.514
2,150.039,-9.684
2,149.739,-9.873
2,150.802,-10.294
2,150.691,-10.583
2,150.028,-10.652
2,149.782,-10.393
2,148.923,-10.281
2,147.913,-10.13
2,147.135,-9.492
2,146.568,-8.943
2,146.048,-8.067
2,144.744,-7.63
2,143.897,-7.915
2,143.286,-8.245
2,143.414,-8.983
2,142.628,-9.327
2,142.068,-9.16
2,141.034,-9.118
2,140.143,-8.297
2,139.128,-8.096
2,138.881,-8.381
2,137.614,-8.412
2,138.039,-7.598
2,138.669,-7.32
2,138.408,-6.233
2,137.928,-5.393
2,135.989,-4.547
2,135.165,-4.463
2,133.663,-3.539
2,133.368,-4.025
2,132.984,-4.113
2,132.757,-3.746
2,132.754,-3.312
2,131.99,-2.821
2,133.067,-2.46
2,133.78,-2.48
2,133.696,-2.215
2,132.232,-2.213
2,131.836,-1.617
2,130.943,-1.433
2,130.52,-0.938
2,131.868,-0.695
2,132.38,-0.37
2,133.986,-0.78
2,134.143,-1.152
2,134.423,-2.769
2,135.458,-3.368
2,136.293,-2.307
2,137.441,-1.704
2,138.33,-1.703
2,139.185,-2.051
2,139.927,-2.409
2,141.0,-2.6
,,
3,114.204,4.526
3,114.6,4.9
3,115.451,5.448
3,116.221,6.143
3,116.725,6.925
3,117.13,6.928
3,117.643,6.422
3,117.689,5.987
3,118.348,5.709
3,119.182,5.408
3,119.111,5.016
3,118.44,4.967
3,118.618,4.478
3,117.882,4.138
3,117.313,3.234
3,118.048,2.288
3,117.876,1.828
3,118.997,0.902
3,117.812,0.784
3,117.478,0.102
3,117.522,-0.804
3,116.56,-1.488
3,116.534,-2.484
3,116.148,-4.013
3,116.001,-3.657
3,114.865,-4.107
3,114.469,-3.496
3,113.756,-3.439
3,113.257,-3.119
3,112.068,-3.478
3,111.703,-2.994
3,111.048,-3.049
3,110.224,-2.934
3,110.071,-1.593
3,109.572,-1.315
3,109.092,-0.46
3,108.953,0.415
3,109.069,1.342
3,109.663,2.006
3,110.396,1.664
3,111.169,1.851
3,111.37,2.697
3,111.797,2.886
3,112.996,3.102
3,113.713,3.894
3,114.204,4.526
,,
4,-93.613,74.98
4,-94.157,74.592
4,-95.609,74.667
4,-96.821,74.928
4,-96.289,75.378
4,-94.851,75.647
4,-93.978,75.296
4,-93.613,74.98
,,
5,-93.84,77.52
5,-94.296,77.491
5,-96.17,77.555
5,-96.436,77.835
5,-94.423,77.82
5,-93.721,77.634
5,-93.84,77.52
,,
6,-96.754,78.766
6,-95.559,78.418
6,-95.83,78.057
6,-97.31,77.851
6,-98.124,78.083
6,-98.553,78.458
6,-98.632,78.872
6,-97.337,78.832
6,-96.754,78.766
,,
7,-88.15,74.392
7,-89.765,74.516
7,-92.422,74.838
7,-92.768,75.387
7,-92.89,75.883
7,-93.894,76.319
7,-95.962,76.441
7,-97.121,76.751
7,-96.745,77.161
7,-94.684,77.098
7,-93.574,76.776
7,-91.605,76.779
7,-90.742,76.45
7,-90.97,76.074
7,-89.822,75.848
7,-89.187,75.61
7,-87.838,75.566
7,-86.379,75.482
7,-84.79,75.699
7,-82.753,75.784
7,-81.129,75.714
7,-80.058,75.337
7,-79.834,74.923
7,-80.458,74.657
7,-81.949,74.442
7,-83.229,74.564
7,-86.097,74.41
7,-88.15,74.392
,,
8,-111.264,78.153
8,-109.854,77.996
8,-110.187,77.697
8,-112.051,77.409
8,-113.534,77.732
8,-112.725,78.051
8,-111.264,78.153
,,
9,-110.964,78.804
9,-109.663,78.602
9,-110.881,78.407
9,-112.542,78.408
9,-112.526,78.551
9,-111.5,78.85
9,-110.964,78.804
,,
10,-66.282,18.515
10,-65.771,18.427
10,-65.591,18.228
10,-65.847,17.976
10,-66.6,17.982
10,-67.184,17.947
10,-67.242,18.374
10,-67.101,18.521
10,-66.282,18.515
,,
11,-77.57,18.491
11,-76.897,18.401
11,-76.365,18.161
11,-76.2,17.887
11,-76.903,17.868
11,-77.206,17.701
11,-77.766,17.862
11,-78.338,18.226
11,-78.218,18.455
11,-77.797,18.524
11,-77.57,18.491
,,
12,-82.268,23.189
12,-81.404,23.117
12,-80.619,23.106
12,-79.68,22.765
12,-79.281,22.399
12,-78.347,22.512
12,-77.993,22.277
12,-77.146,21.658
12,-76.524,21.207
12,-76.195,21.221
12,-75.598,21.017
12,-75.671,20.735
12,-74.934,20.694
12,-74.178,20.285
12,-74.297,20.05
12,-74.962,19.923
12,-75.635,19.874
12,-76.324,19.953
12,-77.755,19.855
12,-77.085,20.413
12,-77.493,20.673
12,-78.137,20.74
12,-78.483,21.029
12,-78.72,21.598
12,-79.285,21.559
12,-80.217,21.827
12,-80.518,22.037
12,-81.821,22.192
12,-82.17,22.387
12,-81.795,22.637
12,-82.776,22.688
12,-83.494,22.169
12,-83.909,22.155
12,-84.052,21.911
12,-84.547,21.801
12,-84.975,21.896
12,-84.447,22.205
12,-84.23,22.566
12,-83.778,22.788
12,-83.268,22.983
12,-82.51,23.079
12,-82.268,23.189
,,
13,-55.6,51.317
13,-56.134,50.687
13,-56.796,49.812
13,-56.143,50.15
13,-55.471,49.936
13,-55.822,49.587
13,-54.935,49.313
13,-54.474,49.557
13,-53.477,49.249
13,-53.786,48.517
13,-53.086,48.688
13,-52.959,48.157
13,-52.648,47.536
13,-53.069,46.655
13,-53.521,46.618
13,-54.179,46.807
13,-53.962,47.625
13,-54.24,47.752
13,-55.401,46.885
13,-55.997,46.92
13,-55.291,47.39
13,-56.251,47.633
13,-57.325,47.573
13,-59.266,47.603
13,-59.419,47.899
13,-58.797,48.252
13,-59.232,48.523
13,-58.392,49.126
13,-57.359,50.718
13,-56.739,51.287
13,-55.871,51.632
13,-55.407,51.588
13,-55.6,51.317
,,
14,-83.883,65.11
14,-82.788,64.767
14,-81.642,64.455
14,-81.553,63.98
14,-80.817,64.057
14,-80.103,63.726
14,-80.991,63.411
14,-82.547,63.652
14,-83.109,64.102
14,-84.1,63.57
14,-85.523,63.052
14,-85.867,63.637
14,-87.222,63.541
14,-86.353,64.036
14,-86.225,64.823
14,-85.884,65.739
14,-85.161,65.657
14,-84.976,65.218
14,-84.464,65.372
14,-83.883,65.11
,,
15,-78.771,72.352
15,-77.825,72.75
15,-75.606,72.244
15,-74.229,71.767
15,-74.099,71.331
15,-72.242,71.557
15,-71.2,70.92
15,-68.786,70.525
15,-67.915,70.122
15,-66.969,69.186
15,-68.805,68.72
15,-66.45,68.067
15,-64.862,67.848
15,-63.425,66.928
15,-61.852,66.862
15,-62.163,66.16
15,-63.918,64.999
15,-65.149,65.426
15,-66.721,66.388
15,-68.015,66.263
15,-68.141,65.69
15,-67.09,65.108
15,-65.732,64.648
15,-65.32,64.383
15,-64.669,63.393
15,-65.014,62.674
15,-66.275,62.945
15,-68.783,63.746
15,-67.37,62.884
15,-66.328,62.28
15,-66.166,61.931
15,-68.877,62.33
15,-71.023,62.911
15,-72.235,63.398
15,-71.886,63.68
15,-73.378,64.194
15,-74.834,64.679
15,-74.819,64.389
15,-77.71,64.23
15,-78.556,64.573
15,-77.897,65.309
15,-76.018,65.327
15,-73.96,65.455
15,-74.294,65.812
15,-73.945,66.311
15,-72.651,67.285
15,-72.926,67.727
15,-73.312,68.069
15,-74.843,68.555
15,-76.869,68.895
15,-76.229,69.148
15,-77.287,69.77
15,-78.169,69.826
15,-78.957,70.167
15,-79.492,69.872
15,-81.305,69.743
15,-84.945,69.967
15,-87.06,70.26
15,-88.682,70.411
15,-89.513,70.762
15,-88.468,71.218
15,-89.888,71.223
15,-90.205,72.235
15,-89.437,73.129
15,-88.408,73.538
15,-85.826,73.804
15,-86.562,73.157
15,-85.774,72.534
15,-84.85,73.34
15,-82.316,73.751
15,-80.6,72.717
15,-80.749,72.062
15,-78.771,72.352
,,
16,-94.504,74.135
16,-92.42,74.1
16,-90.51,73.857
16,-92.004,72.966
16,-93.196,72.772
16,-94.269,72.025
16,-95.41,72.062
16,-96.034,72.94
16,-96.018,73.437
16,-95.496,73.862
16,-94.504,74.135
,,
17,-100.438,72.706
17,-101.54,73.36
17,-100.356,73.844
17,-99.164,73.633
17,-97.38,73.76
17,-97.12,73.47
17,-98.054,72.991
17,-96.54,72.56
17,-96.72,71.66
17,-98.36,71.273
17,-99.323,71.356
17,-100.015,71.738
17,-102.48,72.483
17,-102.48,72.83
17,-100.438,72.706
,,
18,-107.819,75.846
18,-106.929,76.013
18,-105.881,75.969
18,-105.705,75.48
18,-106.313,75.005
18,-109.7,74.85
18,-112.223,74.417
18,-113.744,74.394
18,-113.871,74.72
18,-111.794,75.162
18,-116.312,75.043
18,-117.71,75.222
18,-116.346,76.199
18,-115.405,76.479
18,-112.591,76.141
18,-110.814,75.549
18,-109.067,75.473
18,-110.497,76.43
18,-109.581,76.794
18,-108.549,76.678
18,-108.211,76.202
18,-107.819,75.846
,,
19,-122.855,76.117
19,-121.158,76.865
19,-119.104,77.512
19,-117.57,77.498
19,-116.199,77.645
19,-116.336,76.877
19,-117.106,76.53
19,-118.04,76.481
19,-119.899,76.053
19,-121.5,75.9
19,-122.855,76.117
,,
20,-121.538,74.449
20,-120.11,74.241
20,-117.556,74.186
20,-116.584,73.896
20,-115.511,73.475
20,-116.768,73.223
20,-119.22,72.52
20,-120.46,71.82
20,-120.46,71.384
20,-123.092,70.902
20,-123.62,71.34
20,-125.929,71.869
20,-125.5,72.292
20,-124.807,73.023
20,-123.94,73.68
20,-124.918,74.293
20,-121.538,74.449
,,
21,-166.468,60.384
21,-165.674,60.294
21,-165.579,59.91
21,-166.193,59.754
21,-166.848,59.941
21,-167.455,60.213
21,-166.468,60.384
,,
22,-153.229,57.969
22,-152.565,57.901
22,-152.141,57.591
22,-153.006,57.116
22,-154.005,56.735
22,-154.516,56.993
22,-154.671,57.461
22,-153.763,57.817
22,-153.229,57.969
,,
23,-132.71,54.04
23,-131.75,54.12
23,-132.049,52.985
23,-131.179,52.18
23,-131.578,52.182
23,-132.18,52.64
23,-132.55,53.1
23,-133.055,53.411
23,-133.24,53.851
23,-133.18,54.17
23,-132.71,54.04
,,
24,-125.415,49.95
24,-124.921,49.475
24,-123.923,49.062
24,-123.51,48.51
24,-124.013,48.371
24,-125.655,48.825
24,-125.955,49.18
24,-126.85,49.53
24,-127.03,49.815
24,-128.059,49.995
24,-128.445,50.539
24,-128.358,50.771
24,-127.309,50.553
24,-126.695,50.401
24,-125.755,50.295
24,-125.415,49.95
,,
25,-171.732,63.783
25,-171.114,63.592
25,-170.491,63.695
25,-169.683,63.431
25,-168.689,63.298
25,-168.772,63.189
25,-169.529,62.977
25,-170.291,63.194
25,-170.671,63.376
25,-171.553,63.318
25,-171.791,63.406
25,-171.732,63.783
,,
26,-105.492,79.302
26,-103.529,79.165
26,-100.825,78.8
26,-100.06,78.325
26,-99.671,77.908
26,-101.304,78.019
26,-102.95,78.343
26,-105.176,78.38
26,-104.21,78.677
26,-105.42,78.918
26,-105.492,79.302
,,
27,32.947,35.387
27,33.667,35.373
27,34.576,35.672
27,33.901,35.246
27,34.005,34.978
27,32.98,34.572
27,32.49,34.702
27,32.257,35.103
27,32.802,35.146
27,32.947,35.387
,,
28,26.29,35.3
28,26.165,35.005
28,24.725,34.92
28,24.735,35.085
28,23.515,35.28
28,23.7,35.705
28,24.247,35.368
28,25.025,35.425
28,25.769,35.354
28,25.745,35.18
28,26.29,35.3
,,
29,49.544,-12.47
29,49.809,-12.895
29,50.057,-13.556
29,50.217,-14.759
29,50.477,-15.227
29,50.377,-15.706
29,50.2,-16.0
29,49.861,-15.414
29,49.673,-15.71
29,49.863,-16.451
29,49.775,-16.875
29,49.499,-17.106
29,49.436,-17.953
29,49.042,-19.119
29,48.549,-20.497
29,47.931,-22.392
29,47.548,-23.782
29,47.096,-24.942
29,46.282,-25.178
29,45.41,-25.601
29,44.834,-25.346
29,44.04,-24.988
29,43.764,-24.461
29,43.698,-23.574
29,43.346,-22.777
29,43.254,-22.057
29,43.433,-21.336
29,43.894,-21.163
29,43.896,-20.83
29,44.374,-20.072
29,44.464,-19.435
29,44.232,-18.962
29,44.043,-18.331
29,43.963,-17.41
29,44.312,-16.85
29,44.447,-16.216
29,44.945,-16.179
29,45.503,-15.974
29,45.873,-15.793
29,46.312,-15.78
29,46.882,-15.21
29,47.705,-14.594
29,48.005,-14.091
29,47.869,-13.664
29,48.294,-13.784
29,48.845,-13.089
29,48.864,-12.488
29,49.195,-12.041
29,49.544,-12.47
,,
30,167.217,-15.892
30,167.845,-16.466
30,167.515,-16.598
30,167.18,-16.16
30,167.217,-15.892
,,
31,166.793,-15.669
31,166.65,-15.393
31,166.629,-14.626
31,167.108,-14.934
31,167.27,-15.74
31,167.001,-15.615
31,166.793,-15.669
,,
32,134.21,-6.895
32,134.113,-6.142
32,134.29,-5.783
32,134.5,-5.445
32,134.727,-5.738
32,134.725,-6.214
32,134.21,-6.895
,,
33,-48.661,-78.047
33,-48.151,-78.047
33,-46.663,-77.831
33,-45.155,-78.047
33,-43.921,-78.478
33,-43.49,-79.086
33,-43.372,-79.517
33,-43.333,-80.026
33,-44.881,-80.34
33,-46.506,-80.594
33,-48.386,-80.829
33,-50.482,-81.025
33,-52.852,-80.967
33,-54.164,-80.634
33,-53.988,-80.222
33,-51.853,-79.948
33,-50.991,-79.615
33,-50.365,-79.183
33,-49.914,-78.811
33,-49.307,-78.459
33,-48.661,-78.047
,,
34,-66.29,-80.256
34,-64.038,-80.295
34,-61.883,-80.393
34,-61.139,-79.981
34,-60.61,-79.629
34,-59.572,-80.04
34,-59.866,-80.55
34,-60.16,-81.0
34,-62.255,-80.863
34,-64.488,-80.922
34,-65.742,-80.589
34,-65.742,-80.55
34,-66.29,-80.256
,,
35,-73.916,-71.269
35,-73.23,-71.152
35,-72.075,-71.191
35,-71.781,-70.681
35,-71.722,-70.309
35,-71.742,-69.506
35,-71.174,-69.035
35,-70.253,-68.879
35,-69.724,-69.251
35,-69.489,-69.623
35,-69.059,-70.074
35,-68.726,-70.505
35,-68.451,-70.956
35,-68.334,-71.406
35,-68.51,-71.798
35,-68.784,-72.171
35,-69.959,-72.308
35,-71.076,-72.504
35,-72.388,-72.484
35,-71.898,-72.092
35,-73.074,-72.229
35,-74.19,-72.367
35,-74.954,-72.073
35,-75.013,-71.661
35,-73.916,-71.269
,,
36,-102.331,-71.894
36,-101.704,-71.718
36,-100.431,-71.855
36,-98.982,-71.933
36,-97.885,-72.071
36,-96.788,-71.953
36,-96.2,-72.521
36,-96.984,-72.443
36,-98.198,-72.482
36,-99.432,-72.443
36,-100.783,-72.502
36,-101.802,-72.306
36,-102.331,-71.894
,,
37,-122.622,-73.658
37,-122.406,-73.325
37,-121.212,-73.501
37,-119.919,-73.658
37,-118.724,-73.481
37,-119.292,-73.834
37,-120.232,-74.089
37,-121.623,-74.01
37,-122.622,-73.658
,,
38,-127.283,-73.462
38,-126.558,-73.246
38,-125.56,-73.481
38,-124.032,-73.873
38,-124.619,-73.834
38,-125.912,-73.736
38,-127.283,-73.462
,,
39,165.78,-21.08
39,166.6,-21.7
39,167.12,-22.16
39,166.74,-22.4
39,166.19,-22.13
39,165.474,-21.68
39,164.83,-21.15
39,164.168,-20.445
39,164.03,-20.106
39,164.46,-20.12
39,165.02,-20.46
39,165.46,-20.8
39,165.78,-21.08
,,
40,152.64,-3.66
40,153.02,-3.98
40,153.14,-4.5
40,152.827,-4.766
40,152.639,-4.176
40,152.406,-3.79
40,151.953,-3.462
40,151.384,-3.035
40,150.662,-2.741
40,150.94,-2.5
40,151.48,-2.78
40,151.82,-3.0
40,152.24,-3.24
40,152.64,-3.66
,,
41,151.301,-5.841
41,150.754,-6.084
41,150.241,-6.318
41,149.71,-6.317
41,148.89,-6.026
41,148.319,-5.747
41,148.402,-5.438
41,149.298,-5.584
41,149.846,-5.506
41,149.996,-5.026
41,150.14,-5.001
41,150.237,-5.532
41,150.807,-5.456
41,151.09,-5.114
41,151.648,-4.757
41,151.538,-4.168
41,152.137,-4.149
41,152.339,-4.313
41,152.319,-4.868
41,151.983,-5.478
41,151.459,-5.56
41,151.301,-5.841
,,
42,162.119,-10.483
42,162.399,-10.826
42,161.7,-10.82
42,161.32,-10.205
42,161.917,-10.447
42,162.119,-10.483
,,
43,161.68,-9.6
43,161.529,-9.784
43,160.788,-8.918
43,160.58,-8.32
43,160.92,-8.32
43,161.28,-9.12
43,161.68,-9.6
,,
44,160.852,-9.873
44,160.463,-9.895
44,159.849,-9.794
44,159.64,-9.64
44,159.703,-9.243
44,160.363,-9.4
44,160.689,-9.61
44,160.852,-9.873
,,
45,159.64,-8.02
45,159.875,-8.337
45,159.917,-8.538
45,159.134,-8.114
45,158.586,-7.755
45,158.211,-7.422
45,158.36,-7.32
45,158.82,-7.56
45,159.64,-8.02
,,
46,157.14,-7.022
46,157.538,-7.348
46,157.339,-7.405
46,156.902,-7.177
46,156.491,-6.766
46,156.543,-6.599
46,157.14,-7.022
,,
47,154.76,-5.34
47,155.063,-5.567
47,155.548,-6.201
47,156.02,-6.54
47,155.88,-6.82
47,155.6,-6.92
47,155.167,-6.536
47,154.729,-5.901
47,154.514,-5.139
47,154.653,-5.042
47,154.76,-5.34
,,
48,176.886,-40.066
48,176.508,-40.605
48,176.012,-41.29
48,175.24,-41.688
48,175.068,-41.426
48,174.651,-41.282
48,175.228,-40.459
48,174.9,-39.909
48,173.824,-39.509
48,173.852,-39.147
48,174.575,-38.798
48,174.743,-38.028
48,174.697,-37.381
48,174.292,-36.711
48,174.319,-36.535
48,173.841,-36.122
48,173.054,-35.237
48,172.636,-34.529
48,173.007,-34.451
48,173.551,-35.006
48,174.329,-35.265
48,174.612,-36.156
48,175.337,-37.209
48,175.358,-36.526
48,175.809,-36.799
48,175.958,-37.555
48,176.763,-37.881
48,177.439,-37.961
48,178.01,-37.58
48,178.517,-37.695
48,178.275,-38.583
48,177.97,-39.166
48,177.207,-39.146
48,176.94,-39.45
48,177.033,-39.88
48,176.886,-40.066
,,
49,169.668,-43.555
49,170.525,-43.032
49,171.125,-42.513
49,171.57,-41.767
49,171.949,-41.514
49,172.097,-40.956
49,172.799,-40.494
49,173.02,-40.919
49,173.247,-41.332
49,173.958,-40.927
49,174.248,-41.349
49,174.249,-41.77
49,173.876,-42.233
49,173.223,-42.97
49,172.711,-43.372
49,173.08,-43.853
49,172.309,-43.866
49,171.453,-44.242
49,171.185,-44.897
49,170.617,-45.909
49,169.831,-46.356
49,169.332,-46.641
49,168.411,-46.62
49,167.764,-46.29
49,166.677,-46.22
49,166.509,-45.853
49,167.046,-45.111
49,168.304,-44.124
49,168.949,-43.936
49,169.668,-43.555
,,
50,147.689,-40.808
50,148.289,-40.875
50,148.36,-42.062
50,148.017,-42.407
50,147.914,-43.212
50,147.565,-42.938
50,146.87,-43.635
50,146.663,-43.581
50,146.048,-43.55
50,145.432,-42.694
50,145.295,-42.034
50,144.718,-41.163
50,144.744,-40.704
50,145.398,-40.793
50,146.364,-41.138
50,146.909,-41.001
50,147.689,-40.808
,,
51,126.149,-32.216
51,125.089,-32.729
51,124.222,-32.959
51,124.029,-33.484
51,123.66,-33.89
51,122.811,-33.914
51,122.183,-34.003
51,121.299,-33.821
51,120.58,-33.93
51,119.894,-33.976
51,119.299,-34.509
51,119.007,-34.464
51,118.506,-34.747
51,118.025,-35.065
51,117.296,-35.025
51,116.625,-35.025
51,115.564,-34.386
51,115.027,-34.197
51,115.049,-33.623
51,115.545,-33.487
51,115.715,-33.26
51,115.679,-32.9
51,115.802,-32.205
51,115.69,-31.612
51,115.161,-30.602
51,114.997,-30.031
51,115.04,-29.461
51,114.642,-28.81
51,114.616,-28.516
51,114.174,-28.118
51,114.049,-27.335
51,113.477,-26.543
51,113.339,-26.117
51,113.778,-26.549
51,113.441,-25.621
51,113.937,-25.911
51,114.233,-26.298
51,114.216,-25.786
51,113.721,-24.999
51,113.625,-24.684
51,113.394,-24.385
51,113.502,-23.806
51,113.707,-23.56
51,113.843,-23.06
51,113.737,-22.475
51,114.15,-21.756
51,114.225,-22.517
51,114.648,-21.83
51,115.46,-21.495
51,115.947,-21.069
51,116.712,-20.702
51,117.166,-20.624
51,117.442,-20.747
51,118.23,-20.374
51,118.836,-20.263
51,118.988,-20.044
51,119.252,-19.953
51,119.805,-19.977
51,120.856,-19.684
51,121.4,-19.24
51,121.655,-18.705
51,122.242,-18.198
51,122.287,-17.799
51,122.313,-17.255
51,123.013,-16.405
51,123.434,-17.269
51,123.859,-17.069
51,123.503,-16.597
51,123.817,-16.111
51,124.258,-16.328
51,124.38,-15.567
51,124.926,-15.075
51,125.167,-14.68
51,125.67,-14.51
51,125.686,-14.231
51,126.125,-14.347
51,126.143,-14.096
51,126.583,-13.953
51,127.066,-13.818
51,127.805,-14.277
51,128.36,-14.869
51,128.986,-14.876
51,129.621,-14.97
51,129.41,-14.421
51,129.889,-13.619
51,130.339,-13.357
51,130.184,-13.108
51,130.618,-12.536
51,131.223,-12.184
51,131.735,-12.302
51,132.575,-12.114
51,132.557,-11.603
51,131.825,-11.274
51,132.357,-11.129
51,133.02,-11.376
51,133.551,-11.787
51,134.393,-12.042
51,134.679,-11.941
51,135.298,-12.249
51,135.883,-11.962
51,136.258,-12.049
51,136.492,-11.857
51,136.952,-12.352
51,136.685,-12.887
51,136.305,-13.291
51,135.962,-13.325
51,136.078,-13.724
51,135.784,-14.224
51,135.429,-14.715
51,135.5,-14.998
51,136.295,-15.55
51,137.065,-15.871
51,137.58,-16.215
51,138.303,-16.808
51,138.585,-16.807
51,139.109,-17.063
51,139.261,-17.372
51,140.215,-17.711
51,140.875,-17.369
51,141.071,-16.832
51,141.274,-16.389
51,141.398,-15.841
51,141.702,-15.045
51,141.563,-14.561
51,141.636,-14.27
51,141.52,-13.698
51,141.651,-12.945
51,141.843,-12.742
51,141.687,-12.408
51,141.929,-11.877
51,142.118,-11.328
51,142.144,-11.043
51,142.515,-10.668
51,142.797,-11.157
51,142.867,-11.785
51,143.116,-11.906
51,143.159,-12.326
51,143.522,-12.834
51,143.597,-13.4
51,143.562,-13.764
51,143.922,-14.548
51,144.564,-14.171
51,144.895,-14.594
51,145.375,-14.985
51,145.272,-15.428
51,145.485,-16.286
51,145.637,-16.785
51,145.889,-16.907
51,146.16,-17.762
51,146.064,-18.28
51,146.387,-18.958
51,147.471,-19.481
51,148.178,-19.956
51,148.848,-20.391
51,148.717,-20.633
51,149.289,-21.261
51,149.678,-22.343
51,150.077,-22.123
51,150.483,-22.556
51,150.727,-22.402
51,150.9,-23.462
51,151.609,-24.076
51,152.074,-24.458
51,152.855,-25.268
51,153.136,-26.071
51,153.162,-26.641
51,153.093,-27.26
51,153.569,-28.11
51,153.512,-28.995
51,153.339,-29.458
51,153.069,-30.35
51,153.09,-30.924
51,152.892,-31.64
51,152.45,-32.55
51,151.709,-33.041
51,151.344,-33.816
51,151.011,-34.31
51,150.714,-35.173
51,150.328,-35.672
51,150.075,-36.42
51,149.946,-37.109
51,149.997,-37.425
51,149.424,-37.773
51,148.305,-37.809
51,147.382,-38.219
51,146.922,-38.607
51,146.318,-39.036
51,145.49,-38.594
51,144.877,-38.417
51,145.032,-37.896
51,144.486,-38.085
51,143.61,-38.809
51,142.745,-38.538
51,142.178,-38.38
51,141.607,-38.309
51,140.639,-38.019
51,139.992,-37.403
51,139.807,-36.644
51,139.574,-36.138
51,139.083,-35.733
51,138.121,-35.612
51,138.449,-35.127
51,138.208,-34.385
51,137.719,-35.077
51,136.829,-35.261
51,137.352,-34.707
51,137.504,-34.13
51,137.89,-33.64
51,137.81,-32.9
51,136.997,-33.753
51,136.372,-34.095
51,135.989,-34.89
51,135.208,-34.479
51,135.239,-33.948
51,134.613,-33.223
51,134.086,-32.848
51,134.274,-32.617
51,132.991,-32.011
51,132.288,-31.983
51,131.326,-31.496
51,129.536,-31.59
51,128.241,-31.948
51,127.103,-32.282
51,126.149,-32.216
,,
52,81.788,7.523
52,81.637,6.482
52,81.218,6.197
52,80.348,5.968
52,79.872,6.763
52,79.695,8.201
52,80.148,9.824
52,80.839,9.268
52,81.304,8.564
52,81.788,7.523
,,
53,129.371,-2.802
53,130.471,-3.094
53,130.835,-3.858
53,129.991,-3.446
53,129.155,-3.363
53,128.591,-3.429
53,127.899,-3.393
53,128.136,-2.844
53,129.371,-2.802
,,
54,126.875,-3.791
54,126.184,-3.607
54,125.989,-3.177
54,127.001,-3.129
54,127.249,-3.459
54,126.875,-3.791
,,
55,127.932,2.175
55,128.004,1.629
55,128.595,1.541
55,128.688,1.132
55,128.636,0.258
55,128.12,0.356
55,127.968,-0.252
55,128.38,-0.78
55,128.1,-0.9
55,127.696,-0.267
55,127.399,1.012
55,127.601,1.811
55,127.932,2.175
,,
56,122.928,0.875
56,124.078,0.917
56,125.066,1.643
56,125.241,1.42
56,124.437,0.428
56,123.686,0.236
56,122.723,0.431
56,121.057,0.381
56,120.183,0.237
56,120.041,-0.52
56,120.936,-1.409
56,121.476,-0.956
56,123.341,-0.616
56,123.258,-1.076
56,122.823,-0.931
56,122.389,-1.517
56,121.508,-1.904
56,122.455,-3.186
56,122.272,-3.53
56,123.171,-4.684
56,123.162,-5.341
56,122.629,-5.635
56,122.236,-5.283
56,122.72,-4.464
56,121.738,-4.851
56,121.489,-4.575
56,121.619,-4.188
56,120.898,-3.602
56,120.972,-2.628
56,120.305,-2.932
56,120.39,-4.098
56,120.431,-5.528
56,119.797,-5.673
56,119.367,-5.38
56,119.654,-4.459
56,119.499,-3.494
56,119.078,-3.487
56,118.768,-2.802
56,119.181,-2.147
56,119.323,-1.353
56,119.826,0.154
56,120.036,0.566
56,120.886,1.309
56,121.667,1.014
56,122.928,0.875
,,
57,120.295,-10.259
57,118.968,-9.558
57,119.9,-9.361
57,120.426,-9.666
57,120.776,-9.97
57,120.716,-10.24
57,120.295,-10.259
,,
58,121.342,-8.537
58,122.007,-8.461
58,122.904,-8.094
58,122.757,-8.65
58,121.254,-8.934
58,119.924,-8.81
58,119.921,-8.445
58,120.715,-8.237
58,121.342,-8.537
,,
59,118.261,-8.362
59,118.878,-8.281
59,119.127,-8.706
59,117.97,-8.907
59,117.278,-9.041
59,116.74,-9.033
59,117.084,-8.457
59,117.632,-8.449
59,117.9,-8.096
59,118.261,-8.362
,,
60,108.487,-6.422
60,108.623,-6.778
60,110.539,-6.877
60,110.76,-6.465
60,112.615,-6.946
60,112.979,-7.594
60,114.479,-7.777
60,115.706,-8.371
60,114.565,-8.752
60,113.465,-8.349
60,112.56,-8.376
60,111.522,-8.302
60,110.586,-8.123
60,109.428,-7.741
60,108.694,-7.642
60,108.278,-7.767
60,106.454,-7.355
60,106.281,-6.925
60,105.365,-6.851
60,106.052,-5.896
60,107.265,-5.955
60,108.072,-6.346
60,108.487,-6.422
,,
61,104.37,-1.085
61,104.539,-1.782
61,104.888,-2.34
61,105.622,-2.429
61,106.109,-3.062
61,105.857,-4.306
61,105.818,-5.852
61,104.71,-5.873
61,103.868,-5.037
61,102.584,-4.22
61,102.156,-3.614
61,101.399,-2.8
61,100.903,-2.05
61,100.142,-0.65
61,99.264,0.183
61,98.97,1.043
61,98.601,1.824
61,97.7,2.453
61,97.177,3.309
61,96.424,3.869
61,95.381,4.971
61,95.293,5.48
61,95.937,5.44
61,97.485,5.246
61,98.369,4.268
61,99.143,3.59
61,99.694,3.174
61,100.641,2.099
61,101.658,2.084
61,102.498,1.399
61,103.077,0.561
61,103.838,0.105
61,103.438,-0.712
61,104.011,-1.059
61,104.37,-1.085
,,
62,120.834,12.704
62,120.323,13.466
62,121.18,13.43
62,121.527,13.07
62,121.262,12.206
62,120.834,12.704
,,
63,122.586,9.981
63,122.837,10.261
63,122.947,10.882
63,123.499,10.941
63,123.338,10.267
63,124.078,11.233
63,123.982,10.279
63,123.623,9.95
63,123.31,9.318
63,122.996,9.022
63,122.38,9.713
63,122.586,9.981
,,
64,126.377,8.415
64,126.479,7.75
64,126.537,7.189
64,126.197,6.274
64,125.831,7.294
64,125.364,6.786
64,125.683,6.05
64,125.397,5.581
64,124.22,6.161
64,123.939,6.885
64,124.244,7.361
64,123.61,7.834
64,123.296,7.419
64,122.826,7.457
64,122.085,6.899
64,121.92,7.192
64,122.312,8.035
64,122.942,8.316
64,123.488,8.693
64,123.841,8.24
64,124.601,8.514
64,124.765,8.96
64,125.471,8.987
64,125.412,9.76
64,126.223,9.286
64,126.307,8.782
64,126.377,8.415
,,
65,109.475,18.198
65,108.655,18.508
65,108.626,19.368
65,109.119,19.821
65,110.212,20.101
65,110.787,20.078
65,111.01,19.696
65,110.571,19.256
65,110.339,18.678
65,109.475,18.198
,,
66,121.778,24.394
66,121.176,22.791
66,120.747,21.971
66,120.22,22.815
66,120.106,23.556
66,120.695,24.538
66,121.495,25.295
66,121.951,24.998
66,121.778,24.394
,,
67,141.885,39.181
67,140.959,38.174
67,140.976,37.142
67,140.6,36.344
67,140.774,35.843
67,140.253,35.138
67,138.976,34.668
67,137.218,34.606
67,135.793,33.465
67,135.121,33.849
67,135.079,34.597
67,133.34,34.376
67,132.157,33.905
67,130.986,33.886
67,132.0,33.15
67,131.333,31.45
67,130.686,31.03
67,130.202,31.418
67,130.448,32.319
67,129.815,32.61
67,129.408,33.296
67,130.354,33.604
67,130.878,34.233
67,131.884,34.75
67,132.618,35.433
67,134.608,35.732
67,135.678,35.527
67,136.724,37.305
67,137.391,36.827
67,138.858,37.827
67,139.426,38.216
67,140.055,39.439
67,139.883,40.563
67,140.306,41.195
67,141.369,41.379
67,141.914,39.992
67,141.885,39.181
,,
68,144.613,43.961
68,145.321,44.385
68,145.543,43.262
68,144.06,42.988
68,143.184,41.995
68,141.611,42.679
68,141.067,41.585
68,139.955,41.57
68,139.818,42.564
68,140.312,43.333
68,141.381,43.389
68,141.672,44.772
68,141.968,45.551
68,143.143,44.51
68,143.91,44.174
68,144.613,43.961
,,
69,8.71,40.9
69,9.21,41.21
69,9.81,40.5
69,9.67,39.177
69,9.215,39.24
69,8.807,38.907
69,8.428,39.172
69,8.388,40.378
69,8.16,40.95
69,8.71,40.9
,,
70,8.746,42.628
70,9.39,43.01
70,9.56,42.153
70,9.23,41.38
70,8.776,41.584
70,8.544,42.257
70,8.746,42.628
,,
71,12.371,56.111
71,12.69,55.61
71,12.09,54.8
71,11.044,55.365
71,10.904,55.78
71,12.371,56.111
,,
72,-4.211,58.551
72,-3.005,58.635
72,-4.074,57.553
72,-3.055,57.69
72,-1.959,57.685
72,-2.22,56.87
72,-3.119,55.974
72,-2.085,55.91
72,-1.115,54.625
72,-0.43,54.464
72,0.185,53.325
72,0.47,52.93
72,1.682,52.74
72,1.56,52.1
72,1.051,51.807
72,1.45,51.289
72,0.55,50.766
72,-0.788,50.775
72,-2.49,50.5
72,-2.956,50.697
72,-3.617,50.228
72,-4.543,50.342
72,-5.245,49.96
72,-5.777,50.16
72,-4.31,51.21
72,-3.415,51.426
72,-4.984,51.593
72,-5.267,51.991
72,-4.222,52.301
72,-4.77,52.84
72,-4.58,53.495
72,-3.092,53.404
72,-2.945,53.985
72,-3.63,54.615
72,-4.844,54.791
72,-5.083,55.062
72,-4.719,55.508
72,-5.048,55.784
72,-5.586,55.311
72,-5.645,56.275
72,-6.15,56.785
72,-5.787,57.819
72,-5.01,58.63
72,-4.211,58.551
,,
73,-14.509,66.456
73,-14.74,65.809
73,-13.61,65.127
73,-14.91,64.364
73,-17.794,63.679
73,-18.656,63.496
73,-19.973,63.644
73,-22.763,63.96
73,-21.778,64.402
73,-23.955,64.891
73,-22.184,65.085
73,-22.227,65.379
73,-24.326,65.611
73,-23.651,66.263
73,-22.135,66.41
73,-20.576,65.732
73,-19.057,66.277
73,-17.799,65.994
73,-16.168,66.527
73,-14.509,66.456
,,
74,142.915,53.705
74,143.261,52.741
74,143.235,51.757
74,143.648,50.748
74,144.654,48.976
74,143.174,49.307
74,142.559,47.862
74,143.533,46.837
74,143.505,46.138
74,142.748,46.741
74,142.092,45.967
74,141.907,46.806
74,142.018,47.78
74,141.904,48.859
74,142.136,49.615
74,142.18,50.952
74,141.594,51.935
74,141.683,53.302
74,142.607,53.762
74,142.21,54.225
74,142.655,54.366
74,142.915,53.705
,,
75,118.505,9.316
75,117.174,8.367
75,117.664,9.067
75,118.387,9.684
75,118.987,10.376
75,119.511,11.37
75,119.69,10.554
75,119.029,10.004
75,118.505,9.316
,,
76,122.337,18.225
76,122.174,17.81
76,122.516,17.094
76,122.252,16.262
76,121.663,15.931
76,121.505,15.125
76,121.729,14.328
76,122.259,14.218
76,122.701,14.337
76,123.95,13.782
76,123.855,13.238
76,124.181,12.998
76,124.077,12.537
76,123.298,13.028
76,122.929,13.553
76,122.671,13.186
76,122.035,13.784
76,121.126,13.637
76,120.629,13.858
76,120.679,14.271
76,120.992,14.525
76,120.693,14.757
76,120.564,14.396
76,120.07,14.971
76,119.921,15.406
76,119.884,16.364
76,120.286,16.035
76,120.39,17.599
76,120.716,18.505
76,121.321,18.504
76,121.938,18.219
76,122.246,18.479
76,122.337,18.225
,,
77,122.038,11.416
77,121.884,11.892
77,122.484,11.582
77,123.12,11.584
77,123.101,11.166
77,122.638,10.741
77,122.003,10.441
77,121.967,10.906
77,122.038,11.416
,,
78,125.503,12.163
78,125.783,11.046
78,125.012,11.311
78,125.033,10.976
78,125.277,10.359
78,124.802,10.135
78,124.76,10.838
78,124.459,10.89
78,124.303,11.495
78,124.891,11.416
78,124.878,11.794
78,124.267,12.558
78,125.227,12.536
78,125.503,12.163
,,
79,-77.353,8.671
79,-76.837,8.639
79,-76.086,9.337
79,-75.675,9.443
79,-75.665,9.774
79,-75.48,10.619
79,-74.907,11.083
79,-74.277,11.102
79,-74.197,11.31
79,-73.415,11.227
79,-72.628,11.732
79,-72.238,11.956
79,-71.754,12.437
79,-71.4,12.376
79,-71.137,12.113
79,-71.332,11.776
79,-71.36,11.54
79,-71.947,11.423
79,-71.621,10.969
79,-71.633,10.446
79,-72.074,9.866
79,-71.696,9.072
79,-71.265,9.137
79,-71.04,9.86
79,-71.35,10.212
79,-71.401,10.969
79,-70.155,11.375
79,-70.294,11.847
79,-69.943,12.162
79,-69.584,11.46
79,-68.883,11.443
79,-68.233,10.886
79,-68.194,10.555
79,-67.296,10.546
79,-66.228,10.649
79,-65.655,10.201
79,-64.89,10.077
79,-64.329,10.39
79,-64.318,10.641
79,-63.079,10.702
79,-61.881,10.716
79,-62.73,10.42
79,-62.389,9.948
79,-61.589,9.873
79,-60.831,9.381
79,-60.671,8.58
79,-60.15,8.603
79,-59.758,8.367
79,-59.102,7.999
79,-58.483,7.348
79,-58.455,6.833
79,-58.078,6.809
79,-57.542,6.321
79,-57.147,5.973
79,-55.949,5.773
79,-55.842,5.953
79,-55.033,6.025
79,-53.958,5.757
79,-53.618,5.647
79,-52.882,5.41
79,-51.823,4.566
79,-51.658,4.156
79,-51.3,4.12
79,-51.07,3.65
79,-50.509,1.902
79,-49.974,1.736
79,-49.947,1.046
79,-50.699,0.223
79,-50.388,-0.078
79,-48.621,-0.235
79,-48.584,-1.238
79,-47.825,-0.582
79,-46.567,-0.941
79,-44.906,-1.552
79,-44.418,-2.138
79,-44.582,-2.691
79,-43.419,-2.383
79,-41.473,-2.912
79,-39.979,-2.873
79,-38.5,-3.701
79,-37.223,-4.821
79,-36.453,-5.109
79,-35.598,-5.15
79,-35.235,-5.465
79,-34.896,-6.738
79,-34.73,-7.343
79,-35.128,-8.996
79,-35.637,-9.649
79,-37.047,-11.041
79,-37.684,-12.171
79,-38.424,-13.038
79,-38.674,-13.058
79,-38.953,-13.793
79,-38.882,-15.667
79,-39.161,-17.208
79,-39.267,-17.868
79,-39.584,-18.262
79,-39.761,-19.599
79,-40.775,-20.905
79,-40.945,-21.937
79,-41.754,-22.371
79,-41.988,-22.97
79,-43.075,-22.968
79,-44.648,-23.352
79,-45.352,-23.797
79,-46.472,-24.089
79,-47.649,-24.885
79,-48.495,-25.877
79,-48.641,-26.624
79,-48.475,-27.176
79,-48.662,-28.186
79,-48.888,-28.674
79,-49.587,-29.224
79,-50.697,-30.984
79,-51.576,-31.778
79,-52.256,-32.245
79,-52.712,-33.197
79,-53.374,-33.768
79,-53.806,-34.397
79,-54.936,-34.953
79,-55.674,-34.753
79,-56.215,-34.86
79,-57.14,-34.43
79,-57.818,-34.463
79,-58.427,-33.909
79,-58.495,-34.431
79,-57.226,-35.288
79,-57.362,-35.977
79,-56.737,-36.413
79,-56.788,-36.902
79,-57.749,-38.184
79,-59.232,-38.72
79,-61.237,-38.928
79,-62.336,-38.828
79,-62.126,-39.424
79,-62.331,-40.173
79,-62.146,-40.677
79,-62.746,-41.029
79,-63.77,-41.167
79,-64.732,-40.803
79,-65.118,-41.064
79,-64.979,-42.058
79,-64.303,-42.359
79,-63.756,-42.044
79,-63.458,-42.563
79,-64.379,-42.874
79,-65.182,-43.495
79,-65.329,-44.501
79,-65.565,-45.037
79,-66.51,-45.04
79,-67.294,-45.552
79,-67.581,-46.302
79,-66.597,-47.034
79,-65.641,-47.236
79,-65.985,-48.133
79,-67.166,-48.697
79,-67.816,-49.87
79,-68.729,-50.264
79,-69.139,-50.733
79,-68.816,-51.771
79,-68.15,-52.35
79,-68.572,-52.299
79,-69.461,-52.292
79,-69.943,-52.538
79,-70.845,-52.899
79,-71.006,-53.833
79,-71.43,-53.856
79,-72.558,-53.531
79,-73.703,-52.835
79,-74.947,-52.263
,,
80,-77.882,7.224
80,-77.477,6.691
80,-77.319,5.845
80,-77.533,5.583
80,-77.308,4.668
80,-77.496,4.088
80,-77.128,3.85
80,-77.51,3.325
80,-77.932,2.697
80,-78.428,2.63
80,-78.662,2.267
80,-78.618,1.766
80,-78.991,1.691
80,-78.855,1.381
80,-79.543,0.983
80,-80.091,0.768
80,-80.021,0.36
80,-80.399,-0.284
80,-80.583,-0.907
80,-80.934,-1.057
80,-80.765,-1.965
80,-80.968,-2.247
80,-80.369,-2.685
80,-79.987,-2.221
80,-79.77,-2.658
80,-80.303,-3.405
80,-81.1,-4.036
80,-81.411,-4.737
80,-80.926,-5.691
80,-81.25,-6.137
80,-80.537,-6.542
80,-79.761,-7.194
80,-79.446,-7.931
80,-79.037,-8.387
80,-78.092,-10.378
80,-77.106,-12.223
80,-76.259,-13.535
80,-76.423,-13.823
80,-76.009,-14.649
80,-75.238,-15.266
80,-73.445,-16.359
80,-71.462,-17.363
80,-71.375,-17.774
80,-70.373,-18.348
80,-70.164,-19.756
80,-70.091,-21.393
80,-70.404,-23.629
80,-70.725,-25.706
80,-70.905,-27.64
80,-71.49,-28.861
80,-71.37,-30.096
80,-71.669,-30.921
80,-71.438,-32.419
80,-71.862,-33.909
80,-72.553,-35.509
80,-73.167,-37.124
80,-73.588,-37.156
80,-73.506,-38.283
80,-73.218,-39.259
80,-73.677,-39.942
80,-74.018,-41.795
80,-74.332,-43.225
80,-73.701,-43.366
80,-73.389,-42.118
80,-72.718,-42.383
80,-73.24,-44.455
80,-74.352,-44.103
80,-74.692,-45.764
80,-75.644,-46.648
80,-74.127,-46.939
80,-75.183,-47.712
80,-75.608,-48.674
80,-75.48,-50.378
80,-74.977,-51.043
80,-75.26,-51.629
80,-74.947,-52.263
,,
81,-74.663,-52.837
81,-73.838,-53.047
81,-72.434,-53.715
81,-71.108,-54.074
81,-70.592,-53.616
81,-70.267,-52.931
81,-69.346,-52.518
81,-68.634,-52.636
81,-68.25,-53.1
81,-67.75,-53.85
81,-66.45,-54.45
81,-65.05,-54.7
81,-65.5,-55.2
81,-66.45,-55.25
81,-66.96,-54.897
81,-67.291,-55.301
81,-68.149,-55.612
81,-68.64,-55.58
81,-69.232,-55.499
81,-69.958,-55.198
81,-71.006,-55.054
81,-72.264,-54.495
81,-73.285,-53.958
81,-74.663,-52.837
,,
82,44.847,80.59
82,46.799,80.772
82,48.318,80.784
82,48.523,80.515
82,49.097,80.754
82,50.04,80.919
82,51.523,80.7
82,51.136,80.547
82,49.794,80.415
82,48.894,80.34
82,48.755,80.175
82,47.586,80.01
82,46.503,80.247
82,47.072,80.559
82,44.847,80.59
,,
83,53.508,73.75
83,55.902,74.627
83,55.632,75.081
83,57.869,75.609
83,61.17,76.252
83,64.498,76.439
83,66.211,76.81
83,68.157,76.94
83,68.852,76.545
83,68.181,76.234
83,64.637,75.738
83,61.584,75.261
83,58.477,74.309
83,56.987,73.333
83,55.419,72.371
83,55.623,71.541
83,57.536,70.72
83,56.945,70.633
83,53.677,70.763
83,53.412,71.207
83,51.602,71.475
83,51.456,72.015
83,52.478,72.229
83,52.444,72.775
83,54.428,73.628
83,53.508,73.75
,,
84,27.408,80.056
84,25.925,79.518
84,23.024,79.4
84,20.075,79.567
84,19.897,79.842
84,18.462,79.86
84,17.368,80.319
84,20.456,80.598
84,21.908,80.358
84,22.919,80.657
84,25.448,80.407
84,27.408,80.056
,,
85,24.724,77.854
85,22.49,77.445
85,20.726,77.677
85,21.416,77.935
85,20.812,78.255
85,22.884,78.455
85,23.281,78.08
85,24.724,77.854
,,
86,15.143,79.674
86,15.523,80.016
86,16.991,80.051
86,18.252,79.702
86,21.544,78.956
86,19.027,78.563
86,18.472,77.827
86,17.594,77.638
86,17.118,76.809
86,15.913,76.77
86,13.763,77.38
86,14.67,77.736
86,13.171,78.025
86,11.222,78.869
86,10.445,79.652
86,13.171,80.01
86,13.719,79.66
86,15.143,79.674
,,
87,-77.882,7.224
87,-78.215,7.512
87,-78.429,8.052
87,-78.182,8.319
87,-78.435,8.388
87,-78.622,8.718
87,-79.12,8.996
87,-79.558,8.932
87,-79.761,8.585
87,-80.164,8.333
87,-80.383,8.298
87,-80.481,8.09
87,-80.004,7.548
87,-80.277,7.42
87,-80.421,7.272
87,-80.886,7.221
87,-81.06,7.818
87,-81.19,7.648
87,-81.52,7.707
87,-81.721,8.109
87,-82.131,8.175
87,-82.391,8.292
87,-82.605,8.292
87,-82.82,8.291
87,-82.851,8.074
87,-82.966,8.225
87,-83.508,8.447
87,-83.711,8.657
87,-83.596,8.83
87,-83.633,9.051
87,-83.91,9.291
87,-84.303,9.487
87,-84.648,9.616
87,-84.713,9.908
87,-84.976,10.087
87,-84.911,9.796
87,-85.111,9.557
87,-85.339,9.835
87,-85.661,9.933
87,-85.797,10.135
87,-85.792,10.439
87,-85.659,10.754
87,-85.801,10.825
87,-85.942,10.895
87,-85.713,11.088
87,-86.058,11.403
87,-86.526,11.807
87,-86.746,12.144
87,-87.168,12.458
87,-87.668,12.91
87,-87.557,13.065
87,-87.392,12.914
87,-87.317,12.985
87,-87.489,13.298
87,-87.641,13.341
87,-87.793,13.384
87,-87.904,13.149
87,-88.483,13.164
87,-88.843,13.26
87,-89.257,13.459
87,-89.812,13.521
87,-90.096,13.735
87,-90.609,13.91
87,-91.232,13.928
87,-91.69,14.126
87,-92.228,14.539
87,-93.359,15.615
87,-93.875,15.94
87,-94.692,16.201
87,-95.25,16.128
87,-96.053,15.752
87,-96.557,15.654
87,-97.264,15.917
87,-98.013,16.107
87,-98.948,16.566
87,-99.697,16.706
87,-100.829,17.171
87,-101.666,17.649
87,-101.919,17.916
87,-102.478,17.976
87,-103.501,18.292
87,-103.918,18.749
87,-104.992,19.316
87,-105.493,19.947
87,-105.731,20.434
87,-105.398,20.532
87,-105.501,20.817
87,-105.271,21.076
87,-105.266,21.422
87,-105.603,21.871
87,-105.693,22.269
87,-106.029,22.774
87,-106.91,23.768
87,-107.915,24.549
87,-108.402,25.172
87,-109.26,25.581
87,-109.444,25.825
87,-109.292,26.443
87,-109.801,26.676
87,-110.392,27.162
87,-110.641,27.86
87,-111.179,27.941
87,-111.76,28.468
87,-112.228,28.954
87,-112.272,29.267
87,-112.81,30.021
87,-113.164,30.787
87,-113.149,31.171
87,-113.872,31.568
87,-114.206,31.524
87,-114.776,31.8
87,-114.937,31.393
87,-114.771,30.914
87,-114.674,30.163
87,-114.331,29.75
87,-113.589,29.062
87,-113.424,28.826
87,-113.272,28.755
87,-113.14,28.411
87,-112.962,28.425
87,-112.762,27.78
87,-112.458,27.526
87,-112.245,27.172
87,-111.616,26.663
87,-111.285,25.733
87,-110.988,25.295
87,-110.71,24.826
87,-110.655,24.299
87,-110.173,24.266
87,-109.772,23.811
87,-109.409,23.365
87,-109.433,23.186
87,-109.854,22.818
87,-110.031,22.823
87,-110.295,23.431
87,-110.95,24.001
87,-111.671,24.484
87,-112.182,24.738
87,-112.149,25.47
87,-112.301,26.012
87,-112.777,26.322
87,-113.465,26.768
87,-113.597,26.639
87,-113.849,26.9
87,-114.466,27.142
87,-115.055,27.723
87,-114.982,27.798
87,-114.57,27.741
87,-114.199,28.115
87,-114.162,28.566
87,-114.932,29.279
87,-115.519,29.556
87,-115.887,30.181
87,-116.258,30.836
87,-116.722,31.636
87,-117.128,32.535
87,-117.296,33.046
87,-117.944,33.621
87,-118.411,33.741
87,-118.52,34.028
87,-119.081,34.078
87,-119.439,34.348
87,-120.368,34.447
87,-120.623,34.609
87,-120.744,35.157
87,-121.715,36.162
87,-122.547,37.552
87,-122.512,37.783
87,-122.953,38.114
87,-123.727,38.952
87,-123.865,39.767
87,-124.398,40.313
87,-124.179,41.142
87,-124.214,42.0
87,-124.533,42.766
87,-124.142,43.708
87,-124.021,44.616
87,-123.899,45.523
87,-124.08,46.865
87,-124.396,47.72
87,-124.687,48.184
87,-124.566,48.38
87,-123.12,48.04
87,-122.587,47.096
87,-122.34,47.36
87,-122.5,48.18
87,-122.84,49
87,-122.974,49.003
87,-124.91,49.985
87,-125.625,50.417
87,-127.436,50.831
87,-127.993,51.716
87,-127.85,52.33
87,-129.13,52.755
87,-129.305,53.562
87,-130.515,54.288
87,-130.536,54.803
87,-131.086,55.179
87,-131.967,55.498
87,-132.25,56.37
87,-133.539,57.179
87,-134.078,58.123
87,-135.038,58.188
87,-136.628,58.212
87,-137.8,58.5
87,-139.868,59.538
87,-140.825,59.728
87,-142.574,60.084
87,-143.959,59.999
87,-145.926,60.459
87,-147.114,60.885
87,-148.224,60.673
87,-148.018,59.978
87,-148.571,59.914
87,-149.728,59.706
87,-150.608,59.368
87,-151.716,59.156
87,-151.859,59.745
87,-151.41,60.726
87,-150.347,61.034
87,-150.621,61.284
87,-151.896,60.727
87,-152.578,60.062
87,-154.019,59.35
87,-153.288,58.865
87,-154.232,58.146
87,-155.307,57.728
87,-156.308,57.423
87,-156.556,56.98
87,-158.117,56.464
87,-158.433,55.994
87,-159.603,55.567
87,-160.29,55.644
87,-161.223,55.365
87,-162.238,55.024
87,-163.069,54.69
87,-164.786,54.404
87,-164.942,54.572
87,-163.848,55.039
87,-162.87,55.348
87,-161.804,55.895
87,-160.564,56.008
87,-160.071,56.418
87,-158.684,57.017
87,-158.461,57.217
87,-157.723,57.57
87,-157.55,58.328
87,-157.042,58.919
87,-158.195,58.616
87,-158.517,58.788
87,-159.059,58.424
87,-159.712,58.931
87,-159.981,58.573
87,-160.355,59.071
87,-161.355,58.671
87,-161.969,58.672
87,-162.055,59.267
87,-161.874,59.634
87,-162.518,59.99
87,-163.818,59.798
87,-164.662,60.267
87,-165.346,60.507
87,-165.351,61.074
87,-166.121,61.5
87,-165.734,62.075
87,-164.919,62.633
87,-164.563,63.146
87,-163.753,63.219
87,-163.067,63.059
87,-162.261,63.542
87,-161.534,63.456
87,-160.773,63.766
87,-160.958,64.223
87,-161.518,64.403
87,-160.778,64.789
87,-161.392,64.777
87,-162.453,64.559
87,-162.758,64.339
87,-163.546,64.559
87,-164.961,64.447
87,-166.425,64.687
87,-166.845,65.089
87,-168.111,65.67
87,-166.705,66.088
87,-164.475,66.577
87,-163.653,66.577
87,-163.789,66.077
87,-161.678,66.116
87,-162.49,66.736
87,-163.72,67.116
87,-164.431,67.616
87,-165.39,68.043
87,-166.764,68.359
87,-166.205,68.883
87,-164.431,68.916
87,-163.169,69.371
87,-162.931,69.858
87,-161.909,70.333
87,-160.935,70.448
87,-159.039,70.892
87,-158.12,70.825
87,-156.581,71.358
87,-155.068,71.148
87,-154.344,70.696
87,-153.9,70.89
87,-152.21,70.83
87,-152.27,70.6
87,-150.74,70.43
87,-149.72,70.53
87,-147.613,70.214
87,-145.69,70.12
87,-144.92,69.99
87,-143.589,70.153
87,-142.073,69.852
87,-140.986,69.712
87,-139.121,69.471
87,-137.546,68.99
87,-136.504,68.898
87,-135.626,69.315
87,-134.415,69.627
87,-132.929,69.505
87,-131.431,69.945
87,-129.795,70.194
87,-129.108,69.779
87,-128.362,70.013
87,-128.138,70.484
87,-127.447,70.377
87,-125.756,69.481
87,-124.425,70.158
87,-124.29,69.4
87,-123.061,69.564
87,-122.683,69.856
87,-121.472,69.798
87,-119.943,69.378
87,-117.603,69.011
87,-116.226,68.841
87,-115.247,68.906
87,-113.898,68.399
87,-115.305,67.903
87,-113.497,67.688
87,-110.798,67.806
87,-109.946,67.981
87,-108.88,67.381
87,-107.792,67.887
87,-108.813,68.312
87,-108.167,68.654
87,-106.95,68.7
87,-106.15,68.8
87,-105.343,68.561
87,-104.338,68.018
87,-103.221,68.098
87,-101.454,67.647
87,-99.902,67.806
87,-98.443,67.782
87,-98.559,68.404
87,-97.669,68.579
87,-96.12,68.239
87,-96.126,67.293
87,-95.489,68.091
87,-94.685,68.064
87,-94.233,69.069
87,-95.304,69.686
87,-96.471,70.09
87,-96.391,71.195
87,-95.209,71.921
87,-93.89,71.76
87,-92.878,71.319
87,-91.52,70.191
87,-92.407,69.7
87,-90.547,69.498
87,-90.551,68.475
87,-89.215,69.259
87,-88.02,68.615
87,-88.317,67.873
87,-87.35,67.199
87,-86.306,67.921
87,-85.577,68.785
87,-85.522,69.882
87,-84.101,69.805
87,-82.623,69.658
87,-81.28,69.162
87,-81.22,68.666
87,-81.964,68.133
87,-81.259,67.597
87,-81.387,67.111
87,-83.345,66.412
87,-84.735,66.257
87,-85.769,66.558
87,-86.068,66.056
87,-87.031,65.213
87,-87.323,64.776
87,-88.483,64.099
87,-89.914,64.033
87,-90.704,63.61
87,-90.77,62.96
87,-91.933,62.835
87,-93.157,62.025
87,-94.242,60.899
87,-94.629,60.11
87,-94.685,58.949
87,-93.215,58.782
87,-92.765,57.846
87,-92.297,57.087
87,-90.898,57.285
87,-89.04,56.852
87,-88.04,56.472
87,-87.324,55.999
87,-86.071,55.724
87,-85.012,55.303
87,-83.361,55.245
87,-82.273,55.148
87,-82.436,54.282
87,-82.125,53.277
87,-81.401,52.158
87,-79.913,51.208
87,-79.143,51.534
87,-78.602,52.562
87,-79.124,54.141
87,-79.83,54.668
87,-78.229,55.136
87,-77.096,55.837
87,-76.541,56.534
87,-76.623,57.203
87,-77.302,58.052
87,-78.517,58.805
87,-77.337,59.853
87,-77.773,60.758
87,-78.107,62.32
87,-77.411,62.551
87,-75.696,62.278
87,-74.668,62.181
87,-73.84,62.444
87,-72.909,62.105
87,-71.677,61.525
87,-71.374,61.137
87,-69.59,61.061
87,-69.62,60.221
87,-69.288,58.957
87,-68.375,58.801
87,-67.65,58.212
87,-66.202,58.767
87,-65.245,59.871
87,-64.584,60.336
87,-63.805,59.443
87,-62.502,58.167
87,-61.397,56.967
87,-61.799,56.339
87,-60.469,55.775
87,-59.57,55.204
87,-57.975,54.945
87,-57.333,54.626
87,-56.937,53.78
87,-56.158,53.647
87,-55.756,53.27
87,-55.683,52.147
87,-56.409,51.771
87,-57.127,51.42
87,-58.775,51.064
87,-60.033,50.243
87,-61.724,50.08
87,-63.863,50.291
87,-65.363,50.298
87,-66.399,50.229
87,-67.236,49.512
87,-68.511,49.068
87,-69.954,47.745
87,-71.105,46.822
87,-70.255,46.986
87,-68.65,48.3
87,-66.552,49.133
87,-65.056,49.233
87,-64.171,48.743
87,-65.115,48.071
87,-64.799,46.993
87,-64.472,46.238
87,-63.173,45.739
87,-61.521,45.884
87,-60.518,47.008
87,-60.449,46.283
87,-59.803,45.92
87,-61.04,45.265
87,-63.255,44.67
87,-64.247,44.266
87,-65.364,43.545
87,-66.123,43.619
87,-66.162,44.465
87,-64.425,45.292
87,-66.026,45.259
87,-67.137,45.138
87,-66.965,44.81
87,-68.033,44.325
87,-69.06,43.98
87,-70.116,43.684
87,-70.645,43.09
87,-70.815,42.865
87,-70.825,42.335
87,-70.495,41.805
87,-70.08,41.78
87,-70.185,42.145
87,-69.885,41.923
87,-69.965,41.637
87,-70.64,41.475
87,-71.12,41.494
87,-71.854,41.32
87,-72.295,41.27
87,-72.876,41.221
87,-73.71,40.931
87,-72.241,41.119
87,-71.945,40.93
87,-73.345,40.63
87,-73.982,40.628
87,-73.952,40.751
87,-74.257,40.473
87,-73.962,40.428
87,-74.178,39.709
87,-74.906,38.94
87,-74.98,39.196
87,-75.2,39.248
87,-75.528,39.498
87,-75.32,38.96
87,-75.072,38.782
87,-75.057,38.404
87,-75.377,38.016
87,-75.94,37.217
87,-76.031,37.257
87,-75.722,37.937
87,-76.233,38.319
87,-76.35,39.15
87,-76.543,38.718
87,-76.329,38.083
87,-76.99,38.24
87,-76.302,37.918
87,-76.259,36.966
87,-75.972,36.897
87,-75.868,36.551
87,-75.727,35.551
87,-76.363,34.809
87,-77.398,34.512
87,-78.055,33.925
87,-78.554,33.861
87,-79.061,33.494
87,-79.204,33.158
87,-80.301,32.509
87,-80.865,32.033
87,-81.336,31.44
87,-81.49,30.73
87,-81.314,30.036
87,-80.98,29.18
87,-80.536,28.472
87,-80.53,28.04
87,-80.057,26.88
87,-80.088,26.206
87,-80.132,25.817
87,-80.381,25.206
87,-80.68,25.08
87,-81.172,25.201
87,-81.33,25.64
87,-81.71,25.87
87,-82.24,26.73
87,-82.705,27.495
87,-82.855,27.886
87,-82.65,28.55
87,-82.93,29.1
87,-83.71,29.937
87,-84.1,30.09
87,-85.109,29.636
87,-85.288,29.686
87,-85.773,30.153
87,-86.4,30.4
87,-87.53,30.274
87,-88.418,30.385
87,-89.18,30.316
87,-89.594,30.16
87,-89.414,29.894
87,-89.43,29.489
87,-89.218,29.291
87,-89.408,29.16
87,-89.779,29.307
87,-90.155,29.117
87,-90.88,29.149
87,-91.627,29.677
87,-92.499,29.552
87,-93.226,29.784
87,-93.848,29.714
87,-94.69,29.48
87,-95.6,28.739
87,-96.594,28.307
87,-97.14,27.83
87,-97.37,27.38
87,-97.38,26.69
87,-97.33,26.21
87,-97.14,25.87
87,-97.528,24.992
87,-97.703,24.272
87,-97.776,22.933
87,-97.872,22.444
87,-97.699,21.899
87,-97.389,21.411
87,-97.189,20.635
87,-96.526,19.891
87,-96.292,19.32
87,-95.901,18.828
87,-94.839,18.563
87,-94.426,18.144
87,-93.549,18.424
87,-92.786,18.525
87,-92.037,18.705
87,-91.408,18.876
87,-90.772,19.284
87,-90.534,19.867
87,-90.451,20.708
87,-90.279,21.0
87,-89.601,21.262
87,-88.544,21.494
87,-87.658,21.459
87,-87.052,21.544
87,-86.812,21.332
87,-86.846,20.85
87,-87.383,20.255
87,-87.621,19.647
87,-87.437,19.472
87,-87.587,19.04
87,-87.837,18.26
87,-88.091,18.517
87,-88.3,18.5
87,-88.296,18.353
87,-88.107,18.349
87,-88.123,18.077
87,-88.285,17.644
87,-88.198,17.489
87,-88.303,17.132
87,-88.24,17.036
87,-88.355,16.531
87,-88.552,16.265
87,-88.732,16.234
87,-88.931,15.887
87,-88.605,15.706
87,-88.518,15.855
87,-88.19,15.72
87,-88.121,15.689
87,-87.902,15.864
87,-87.616,15.879
87,-87.523,15.797
87,-87.368,15.847
87,-86.903,15.757
87,-86.441,15.783
87,-86.119,15.893
87,-86.002,16.005
87,-85.683,15.954
87,-85.444,15.886
87,-85.182,15.909
87,-84.984,15.996
87,-84.527,15.857
87,-84.368,15.835
87,-84.063,15.648
87,-83.774,15.424
87,-83.41,15.271
87,-83.147,14.996
87,-83.233,14.9
87,-83.284,14.677
87,-83.182,14.311
87,-83.412,13.97
87,-83.52,13.568
87,-83.552,13.127
87,-83.499,12.869
87,-83.473,12.419
87,-83.626,12.321
87,-83.72,11.893
87,-83.651,11.629
87,-83.855,11.373
87,-83.809,11.103
87,-83.656,10.939
87,-83.59,10.785
87,-83.402,10.395
87,-83.016,9.993
87,-82.546,9.566
,,
88,-82.546,9.566
88,-82.187,9.207
88,-82.208,8.996
88,-81.809,8.951
88,-81.714,9.032
88,-81.439,8.786
88,-80.947,8.859
88,-80.522,9.111
88,-79.915,9.313
88,-79.573,9.612
88,-79.021,9.553
88,-79.058,9.455
88,-78.501,9.42
88,-78.056,9.248
88,-77.73,8.947
88,-77.353,8.671
,,
89,-71.712,19.714
89,-71.587,19.885
89,-71.38,19.905
89,-70.807,19.88
89,-70.214,19.623
89,-69.951,19.648
89,-69.769,19.293
89,-69.222,19.313
89,-69.254,19.015
89,-68.809,18.979
89,-68.318,18.612
89,-68.689,18.205
89,-69.165,18.423
89,-69.624,18.381
89,-69.953,18.428
89,-70.133,18.246
89,-70.517,18.184
89,-70.669,18.427
89,-71.0,18.283
89,-71.4,17.599
89,-71.658,17.758
89,-71.708,18.045
89,-72.372,18.215
89,-72.844,18.146
89,-73.455,18.218
89,-73.922,18.031
89,-74.458,18.343
89,-74.37,18.665
89,-73.45,18.526
89,-72.695,18.446
89,-72.335,18.668
89,-72.792,19.102
89,-72.784,19.484
89,-73.415,19.64
89,-73.19,19.916
89,-72.58,19.872
89,-71.712,19.714
,,
90,14.761,38.144
90,15.52,38.231
90,15.16,37.444
90,15.31,37.134
90,15.1,36.62
90,14.335,36.997
90,13.827,37.105
90,12.431,37.613
90,12.571,38.126
90,13.741,38.035
90,14.761,38.144
,,
91,37.539,44.657
91,38.68,44.28
91,39.955,43.435
,,
92,132.371,33.464
92,132.924,34.06
92,133.493,33.945
92,133.904,34.365
92,134.638,34.149
92,134.766,33.806
92,134.203,33.201
92,133.793,33.522
92,133.28,33.29
92,133.015,32.705
92,132.363,32.989
92,132.371,33.464
,,
93,-16.257,19.097
93,-16.378,19.594
93,-16.278,20.093
93,-16.536,20.568
93,-17.063,21.0
93,-17.02,21.422
93,-16.973,21.886
93,-16.589,22.158
93,-16.262,22.679
93,-16.326,23.018
93,-15.983,23.723
93,-15.426,24.359
93,-15.089,24.52
93,-14.825,25.104
93,-14.801,25.636
93,-14.44,26.254
93,-13.774,26.619
93,-13.14,27.64
93,-12.619,28.038
93,-11.689,28.149
93,-10.901,28.832
93,-10.4,29.099
93,-9.565,29.934
93,-9.815,31.178
93,-9.435,32.038
93,-9.301,32.565
93,-8.657,33.24
93,-7.654,33.697
93,-6.913,34.11
93,-6.244,35.146
93,-5.93,35.76
93,-5.194,35.755
93,-4.591,35.331
93,-3.64,35.4
93,-2.604,35.179
93,-2.17,35.168
93,-1.209,35.715
93,-0.127,35.889
93,0.504,36.301
93,1.467,36.606
93,3.162,36.784
93,4.816,36.865
93,5.32,36.717
93,6.262,37.111
93,7.33,37.118
93,7.737,36.886
93,8.421,36.946
93,9.51,37.35
93,10.21,37.23
93,10.181,36.724
93,11.029,37.092
93,11.1,36.9
93,10.6,36.41
93,10.593,35.947
93,10.94,35.699
93,10.808,34.834
93,10.15,34.331
93,10.34,33.786
93,10.857,33.769
93,11.109,33.293
93,11.489,33.137
93,12.663,32.793
93,13.083,32.879
93,13.919,32.712
93,15.246,32.265
93,15.714,31.376
93,16.612,31.182
93,18.021,30.764
93,19.086,30.266
93,19.574,30.526
93,20.053,30.986
93,19.82,31.752
93,20.134,32.238
93,20.855,32.707
93,21.543,32.843
93,22.896,32.639
93,23.237,32.191
93,23.609,32.187
93,23.928,32.017
93,24.921,31.899
93,25.165,31.569
93,26.495,31.586
93,27.458,31.321
93,28.45,31.026
93,28.914,30.87
93,29.683,31.187
93,30.095,31.473
93,30.977,31.556
93,31.688,31.43
93,31.96,30.934
93,32.192,31.26
93,32.994,31.024
93,33.773,30.967
93,34.265,31.219
93,34.556,31.549
93,34.488,31.606
93,34.753,32.073
93,34.955,32.827
93,35.098,33.081
93,35.126,33.091
93,35.482,33.905
93,35.98,34.61
93,35.998,34.645
93,35.905,35.41
93,36.15,35.822
93,35.782,36.275
93,36.161,36.651
93,35.551,36.565
93,34.715,36.796
93,34.027,36.22
93,32.509,36.108
93,31.7,36.644
93,30.622,36.678
93,30.391,36.263
93,29.7,36.144
93,28.733,36.677
93,27.641,36.659
93,27.049,37.653
93,26.318,38.208
93,26.805,38.986
93,26.171,39.464
93,27.28,40.42
93,28.82,40.46
93,29.24,41.22
93,31.146,41.088
93,32.348,41.736
93,33.513,42.019
93,35.168,42.04
93,36.913,41.335
93,38.348,40.949
93,39.513,41.103
93,40.373,41.014
93,41.554,41.536
93,41.703,41.963
93,41.453,42.645
93,40.875,43.014
93,40.321,43.129
93,39.955,43.435
93,38.68,44.28
93,37.539,44.657
93,36.675,45.245
93,37.403,45.405
93,38.233,46.241
93,37.674,46.637
93,39.148,47.045
93,39.121,47.263
93,38.224,47.102
93,37.425,47.022
93,36.76,46.699
93,35.824,46.646
93,34.962,46.273
93,35.021,45.651
93,35.51,45.41
93,36.53,45.47
93,36.335,45.113
93,35.24,44.94
93,33.883,44.361
93,33.326,44.565
93,33.547,45.035
93,32.454,45.327
93,32.631,45.519
93,33.588,45.852
93,33.299,46.081
93,31.744,46.333
93,31.675,46.706
93,30.749,46.583
93,30.378,46.032
93,29.603,45.293
93,29.627,45.035
93,29.142,44.82
93,28.838,44.914
93,28.558,43.707
93,28.039,43.293
93,27.674,42.578
93,27.997,42.007
93,28.116,41.623
93,28.988,41.3
93,28.806,41.055
93,27.619,41.0
93,27.192,40.691
93,26.358,40.152
93,26.043,40.618
93,26.057,40.824
93,25.448,40.853
93,24.926,40.947
93,23.715,40.687
93,24.408,40.125
93,23.9,39.962
93,23.343,39.961
93,22.814,40.476
93,22.626,40.257
93,22.85,39.659
93,23.35,39.19
93,22.973,38.971
93,23.53,38.51
93,24.025,38.22
93,24.04,37.655
93,23.115,37.92
93,23.41,37.41
93,22.775,37.305
93,23.154,36.423
93,22.49,36.41
93,21.67,36.845
93,21.295,37.645
93,21.12,38.31
93,20.73,38.77
93,20.218,39.34
93,20.15,39.625
93,19.98,39.695
93,19.96,39.915
93,19.406,40.251
93,19.319,40.727
93,19.404,41.41
93,19.54,41.72
93,19.372,41.878
93,19.162,41.955
93,18.882,42.282
93,18.45,42.48
93,17.51,42.85
93,16.93,43.21
93,16.015,43.507
93,15.174,44.243
93,15.376,44.318
93,14.92,44.738
93,14.902,45.076
93,14.259,45.234
93,13.952,44.802
93,13.657,45.137
93,13.679,45.484
93,13.715,45.5
93,13.938,45.591
93,13.142,45.737
93,12.329,45.382
93,12.384,44.885
93,12.261,44.6
93,12.589,44.091
93,13.527,43.588
93,14.03,42.761
93,15.143,41.955
93,15.926,41.961
93,16.17,41.74
93,15.889,41.541
93,16.785,41.18
93,17.519,40.877
93,18.377,40.356
93,18.48,40.169
93,18.293,39.811
93,17.738,40.278
93,16.87,40.442
93,16.449,39.795
93,17.171,39.425
93,17.053,38.903
93,16.635,38.844
93,16.101,37.986
93,15.684,37.909
93,15.688,38.215
93,15.892,38.751
93,16.109,38.965
93,15.719,39.544
93,15.414,40.048
93,14.998,40.173
93,14.703,40.605
93,14.061,40.786
93,13.628,41.188
93,12.888,41.253
93,12.107,41.705
93,11.192,42.355
93,10.512,42.931
93,10.2,43.92
93,9.702,44.036
93,8.889,44.366
93,8.429,44.231
93,7.851,43.767
93,7.435,43.694
93,6.529,43.129
93,4.557,43.4
93,3.1,43.075
93,2.986,42.473
93,3.039,41.892
93,2.092,41.226
93,0.811,41.015
93,0.721,40.678
93,0.107,40.124
93,-0.279,39.31
93,0.111,38.739
93,-0.467,38.292
93,-0.683,37.642
93,-1.438,37.443
93,-2.146,36.674
93,-3.416,36.659
93,-4.369,36.678
93,-4.995,36.325
93,-5.377,35.947
93,-5.866,36.03
93,-6.237,36.368
93,-6.52,36.943
93,-7.454,37.098
93,-7.856,36.838
93,-8.383,36.979
93,-8.899,36.869
93,-8.746,37.651
93,-8.84,38.266
93,-9.287,38.358
93,-9.527,38.737
93,-9.447,39.392
93,-9.048,39.755
93,-8.977,40.159
93,-8.769,40.761
93,-8.791,41.184
93,-8.991,41.543
93,-9.035,41.881
93,-8.984,42.593
93,-9.393,43.027
93,-7.978,43.748
93,-6.754,43.568
93,-5.412,43.574
93,-4.348,43.403
93,-3.518,43.456
93,-1.901,43.423
93,-1.384,44.023
93,-1.194,46.015
93,-2.226,47.064
93,-2.963,47.57
93,-4.492,47.955
93,-4.592,48.684
93,-3.296,48.902
93,-1.617,48.644
93,-1.933,49.776
93,-0.989,49.347
93,1.339,50.127
93,1.639,50.947
93,2.514,51.149
93,3.315,51.346
93,3.83,51.621
93,4.706,53.092
93,6.074,53.51
93,6.905,53.482
93,7.1,53.694
93,7.936,53.748
93,8.122,53.528
93,8.801,54.021
93,8.572,54.396
93,8.526,54.963
93,8.12,55.518
93,8.09,56.54
93,8.257,56.81
93,8.543,57.11
93,9.424,57.172
93,9.776,57.448
93,10.58,57.73
93,10.546,57.216
93,10.25,56.89
93,10.37,56.61
93,10.912,56.459
93,10.668,56.081
93,10.37,56.19
93,9.65,55.47
93,9.922,54.983
93,9.94,54.597
93,10.95,54.364
93,10.939,54.009
93,11.956,54.196
93,12.518,54.47
93,13.647,54.076
93,14.12,53.757
93,14.803,54.051
93,16.363,54.513
93,17.623,54.852
93,18.621,54.683
93,18.696,54.439
93,19.661,54.426
93,19.888,54.866
93,21.268,55.19
93,21.056,56.031
93,21.09,56.784
93,21.582,57.412
93,22.524,57.753
93,23.318,57.006
93,24.121,57.026
93,24.313,57.793
93,24.429,58.383
93,24.061,58.257
93,23.427,58.613
93,23.34,59.187
93,24.604,59.466
93,25.864,59.611
93,26.949,59.446
93,27.981,59.475
93,29.118,60.028
93,28.07,60.504
93,26.255,60.424
93,24.497,60.057
93,22.87,59.846
93,22.291,60.392
93,21.322,60.72
93,21.545,61.705
93,21.059,62.607
93,21.536,63.19
93,22.443,63.818
93,24.731,64.902
93,25.398,65.111
93,25.294,65.534
93,23.903,66.007
93,22.183,65.724
93,21.214,65.026
93,21.37,64.414
93,19.779,63.61
93,17.848,62.749
93,17.12,61.341
93,17.831,60.637
93,18.788,60.082
93,17.869,58.954
93,16.829,58.72
93,16.448,57.041
93,15.88,56.104
93,14.667,56.201
93,14.101,55.408
93,12.943,55.362
93,12.625,56.307
93,11.788,57.442
93,11.027,58.856
93,10.357,59.47
93,8.382,58.313
93,7.049,58.079
93,5.666,58.588
93,5.308,59.663
93,4.992,61.971
93,5.913,62.614
93,8.553,63.454
93,10.528,64.486
93,12.358,65.88
93,14.761,67.811
93,16.436,68.563
93,19.184,69.817
93,21.378,70.255
93,23.024,70.202
93,24.547,71.03
93,26.37,70.986
93,28.166,71.185
93,31.293,70.454
93,30.005,70.186
93,31.101,69.558
93,32.133,69.906
93,33.775,69.301
93,36.514,69.063
93,40.292,67.932
93,41.06,67.457
93,41.126,66.792
93,40.016,66.266
93,38.383,66.0
93,33.919,66.76
93,33.184,66.633
93,34.815,65.9
93,34.879,65.436
93,34.944,64.414
93,36.231,64.109
93,37.013,63.85
93,37.142,64.335
93,36.54,64.764
93,37.176,65.143
93,39.593,64.521
93,40.436,64.764
93,39.763,65.497
93,42.093,66.476
93,43.016,66.419
93,43.95,66.069
93,44.532,66.756
93,43.698,67.352
93,44.175,67.962
93,43.453,68.571
93,46.25,68.25
93,46.821,67.69
93,45.555,67.567
93,45.562,67.01
93,46.349,66.668
93,47.894,66.885
93,48.139,67.522
93,53.717,68.857
93,54.472,68.808
93,53.486,68.201
93,54.753,68.087
93,55.443,68.439
93,57.317,68.466
93,58.802,68.881
93,59.941,68.278
93,61.078,68.941
93,60.03,69.52
93,60.55,69.85
93,63.504,69.547
93,64.888,69.235
93,68.512,68.092
93,69.181,68.616
93,68.164,69.144
93,68.135,69.356
93,66.93,69.455
93,67.26,69.929
93,66.725,70.709
93,66.695,71.029
93,68.54,71.934
93,69.196,72.843
93,69.94,73.04
93,72.588,72.776
93,72.796,72.22
93,71.848,71.409
93,72.47,71.09
93,72.792,70.391
93,72.565,69.021
93,73.668,68.408
93,73.239,67.74
93,71.28,66.32
93,72.423,66.173
93,72.821,66.533
93,73.921,66.789
93,74.187,67.284
93,75.052,67.76
93,74.469,68.329
93,74.936,68.989
93,73.842,69.071
93,73.602,69.628
93,74.4,70.632
93,73.101,71.447
93,74.891,72.121
93,74.659,72.832
93,75.158,72.855
93,75.684,72.301
93,75.289,71.336
93,76.359,71.153
93,75.903,71.874
93,77.577,72.267
93,79.652,72.32
93,81.5,71.75
93,80.611,72.583
93,80.511,73.648
93,82.25,73.85
93,84.655,73.806
93,86.822,73.937
93,86.01,74.46
93,87.167,75.116
93,88.316,75.144
93,90.26,75.64
93,92.901,75.773
93,93.234,76.047
93,95.86,76.14
93,96.678,75.915
93,98.923,76.447
93,100.76,76.43
93,101.035,76.862
93,101.991,77.288
93,104.352,77.698
93,106.067,77.374
93,104.705,77.127
93,106.97,76.974
93,107.24,76.48
93,108.154,76.723
93,111.077,76.71
93,113.332,76.222
93,114.134,75.848
93,113.885,75.328
93,112.779,75.032
93,110.151,74.477
93,109.4,74.18
93,110.64,74.04
93,112.119,73.788
93,113.02,73.977
93,113.53,73.335
93,113.969,73.595
93,115.568,73.753
93,118.776,73.588
93,119.02,73.12
93,123.201,72.971
93,123.258,73.735
93,125.38,73.56
93,126.976,73.565
93,128.591,73.039
93,129.052,72.399
93,128.46,71.98
93,129.716,71.193
93,131.289,70.787
93,132.254,71.836
93,133.858,71.386
93,135.562,71.655
93,137.498,71.348
93,138.234,71.628
93,139.87,71.488
93,139.148,72.416
93,140.468,72.849
93,149.5,72.2
93,150.351,71.606
93,152.969,70.842
93,157.007,71.031
93,158.998,70.867
93,159.83,70.453
93,159.709,69.722
93,160.941,69.437
93,162.279,69.642
93,164.052,69.668
93,165.94,69.472
93,167.863,69.569
93,169.578,68.694
93,170.817,69.014
93,170.008,69.653
93,170.453,70.097
93,173.644,69.817
93,175.724,69.877
93,178.6,69.4
93,180,68.964
,,
94,180,64.98
94,178.707,64.535
94,177.411,64.608
94,178.313,64.076
94,178.908,63.252
94,179.37,62.983
94,179.486,62.569
94,179.228,62.304
94,177.364,62.522
94,174.569,61.769
94,173.68,61.653
94,172.15,60.95
94,170.698,60.336
94,170.331,59.882
94,168.9,60.574
94,166.295,59.789
94,165.84,60.16
94,164.877,59.732
94,163.539,59.869
94,163.217,59.211
94,162.017,58.243
94,162.053,57.839
94,163.192,57.615
94,163.058,56.159
94,162.126,56.116
94,161.701,55.286
94,162.117,54.855
94,160.369,54.344
94,160.022,53.203
94,158.531,52.959
94,158.231,51.943
94,156.79,51.011
94,156.42,51.7
94,155.992,53.159
94,155.434,55.381
94,155.914,56.768
94,156.758,57.365
94,156.81,57.832
94,158.364,58.056
94,160.151,59.315
94,161.872,60.343
94,163.67,61.141
94,164.474,62.551
94,163.258,62.466
94,162.658,61.642
94,160.121,60.544
94,159.302,61.774
94,156.721,61.434
94,154.218,59.758
94,155.044,59.145
94,152.812,58.884
94,151.266,58.781
94,151.338,59.504
94,149.784,59.656
94,148.545,59.164
94,145.487,59.336
94,142.198,59.04
94,138.958,57.088
94,135.126,54.73
94,136.702,54.604
94,137.193,53.977
94,138.165,53.755
94,138.805,54.255
94,139.902,54.19
94,141.345,53.09
94,141.379,52.239
94,140.597,51.24
94,140.513,50.046
94,140.062,48.447
94,138.555,47.0
94,138.22,46.308
94,136.862,45.143
94,135.515,43.989
94,134.869,43.398
94,133.537,42.811
94,132.906,42.798
94,132.278,43.285
94,130.936,42.553
94,130.78,42.22
94,130.4,42.28
94,129.966,41.941
94,129.667,41.601
94,129.705,40.883
94,129.188,40.662
94,129.01,40.485
94,128.633,40.19
94,127.967,40.025
94,127.533,39.757
94,127.502,39.324
94,127.385,39.213
94,127.783,39.051
94,128.35,38.612
94,129.213,37.432
94,129.46,36.784
94,129.468,35.632
94,129.091,35.082
94,128.186,34.89
94,127.387,34.476
94,126.486,34.39
94,126.374,34.935
94,126.559,35.685
94,126.117,36.725
94,126.86,36.894
94,126.175,37.75
94,125.689,37.94
94,125.568,37.752
94,125.275,37.669
94,125.24,37.857
94,124.981,37.949
94,124.712,38.108
94,124.986,38.548
94,125.222,38.666
94,125.133,38.849
94,125.387,39.388
94,125.321,39.551
94,124.737,39.66
94,124.266,39.928
94,122.868,39.638
94,122.131,39.17
94,121.055,38.897
94,121.586,39.361
94,121.377,39.75
94,122.169,40.422
94,121.64,40.946
94,120.769,40.593
94,119.64,39.898
94,119.023,39.252
94,118.043,39.204
94,117.533,38.738
94,118.06,38.061
94,118.878,37.897
94,118.912,37.448
94,119.703,37.156
94,120.823,37.87
94,121.711,37.481
94,122.358,37.454
94,122.52,36.931
94,121.104,36.651
94,120.637,36.111
94,119.665,35.61
94,119.151,34.91
94,120.228,34.36
94,120.62,33.377
94,121.229,32.46
94,121.908,31.692
94,121.892,30.949
94,121.264,30.676
94,121.504,30.143
94,122.092,29.833
94,121.938,29.018
94,121.684,28.226
94,121.126,28.136
94,120.395,27.053
94,119.585,25.741
94,118.657,24.547
94,117.282,23.625
94,115.891,22.783
94,114.764,22.668
94,114.153,22.224
94,113.807,22.548
94,113.241,22.051
94,111.844,21.55
94,110.785,21.397
94,110.509,20.565
94,110.444,20.341
94,109.89,20.282
94,109.628,21.008
94,109.864,21.395
94,108.523,21.715
94,108.05,21.552
94,106.715,20.697
94,105.882,19.752
94,105.662,19.058
94,106.427,18.004
94,107.362,16.697
94,108.269,16.08
94,108.877,15.277
94,109.335,13.426
94,109.2,11.667
94,108.366,11.008
94,107.221,10.364
94,106.405,9.531
94,105.158,8.6
94,104.795,9.241
94,105.076,9.918
94,104.334,10.487
94,103.497,10.633
94,103.091,11.154
94,102.585,12.187
94,101.687,12.646
94,100.832,12.627
94,100.978,13.413
94,100.098,13.407
94,100.019,12.307
94,99.479,10.846
94,99.154,9.963
94,99.222,9.239
94,99.874,9.208
94,100.28,8.295
94,100.459,7.43
94,101.017,6.857
94,101.623,6.741
94,102.141,6.222
94,102.371,6.128
94,102.962,5.524
94,103.381,4.855
94,103.439,4.182
94,103.332,3.727
94,103.429,3.383
94,103.502,2.791
94,103.855,2.515
94,104.248,1.631
94,104.229,1.293
94,103.52,1.226
94,102.574,1.967
94,101.391,2.761
94,101.274,3.27
94,100.695,3.939
94,100.557,4.767
94,100.197,5.312
94,100.306,6.041
94,100.086,6.464
94,99.691,6.848
94,99.52,7.343
94,98.988,7.908
94,98.504,8.382
94,98.34,7.795
94,98.15,8.35
94,98.259,8.974
94,98.554,9.933
94,98.457,10.675
94,98.765,11.441
94,98.428,12.033
94,98.51,13.122
94,98.104,13.64
94,97.778,14.837
94,97.597,16.101
94,97.165,16.929
94,96.506,16.427
94,95.369,15.714
94,94.808,15.803
94,94.189,16.038
94,94.533,17.277
94,94.325,18.214
94,93.541,19.366
94,93.663,19.727
94,93.078,19.855
94,92.369,20.671
94,92.083,21.192
94,92.025,21.702
94,91.835,22.183
94,91.417,22.765
94,90.496,22.805
94,90.587,22.393
94,90.273,21.836
94,89.847,22.039
94,89.702,21.857
94,89.419,21.966
94,89.032,22.056
94,88.889,21.691
94,88.208,21.703
94,86.976,21.496
94,87.033,20.743
94,86.499,20.152
94,85.06,19.479
94,83.941,18.302
94,83.189,17.671
94,82.193,17.017
94,82.191,16.557
94,81.693,16.31
94,80.792,15.952
94,80.325,15.899
94,80.025,15.136
94,80.233,13.836
94,80.286,13.006
94,79.863,12.056
94,79.858,10.357
94,79.341,10.309
94,78.885,9.546
94,79.19,9.217
94,78.278,8.933
94,77.941,8.253
94,77.54,7.966
94,76.593,8.899
94,76.13,10.3
94,75.746,11.308
94,75.396,11.781
94,74.865,12.742
94,74.617,13.993
94,74.444,14.617
94,73.534,15.991
94,73.12,17.929
94,72.821,19.208
94,72.824,20.42
94,72.631,21.356
94,71.175,20.757
94,70.47,20.877
94,69.164,22.089
94,69.645,22.451
94,69.35,22.843
94,68.177,23.692
94,67.444,23.945
94,67.145,24.664
94,66.373,25.425
94,64.53,25.237
94,62.906,25.218
94,61.497,25.078
94,59.616,25.38
94,58.526,25.61
94,57.397,25.74
94,56.971,26.966
94,56.492,27.143
94,55.724,26.965
94,54.715,26.481
94,53.493,26.812
94,52.484,27.581
94,51.521,27.866
94,50.853,28.815
94,50.115,30.148
94,49.577,29.986
94,48.941,30.317
94,48.568,29.927
94,47.975,29.976
94,48.183,29.534
94,48.094,29.306
94,48.416,28.552
94,48.808,27.69
94,49.3,27.461
94,49.471,27.11
94,50.152,26.69
94,50.213,26.277
94,50.113,25.944
94,50.24,25.608
94,50.527,25.328
94,50.661,25.0
94,50.81,24.755
94,50.744,25.482
94,51.013,26.007
94,51.286,26.115
94,51.589,25.801
94,51.607,25.216
94,51.39,24.627
94,51.58,24.245
94,51.757,24.294
94,51.794,24.02
94,52.577,24.177
94,53.404,24.151
94,54.008,24.122
94,54.693,24.798
94,55.439,25.439
94,56.071,26.055
94,56.362,26.396
94,56.486,26.309
94,56.391,25.896
94,56.261,25.715
94,56.397,24.925
94,56.845,24.242
94,57.403,23.879
94,58.137,23.748
94,58.729,23.566
94,59.181,22.992
94,59.45,22.66
94,59.808,22.534
94,59.806,22.311
94,59.442,21.715
94,59.282,21.434
94,58.861,21.114
94,58.488,20.429
94,58.034,20.481
94,57.826,20.243
94,57.666,19.736
94,57.789,19.068
94,57.694,18.945
94,57.234,18.948
94,56.61,18.574
94,56.512,18.087
94,56.284,17.876
94,55.661,17.884
94,55.27,17.632
94,55.275,17.228
94,54.791,16.951
94,54.239,17.045
94,53.571,16.708
94,53.109,16.651
94,52.385,16.382
94,52.192,15.938
94,52.168,15.597
94,51.173,15.175
94,49.575,14.709
94,48.679,14.003
94,48.239,13.948
94,47.939,14.007
94,47.354,13.592
94,46.717,13.4
94,45.878,13.348
94,45.625,13.291
94,45.406,13.027
94,45.144,12.954
94,44.99,12.7
94,44.495,12.722
94,44.175,12.586
94,43.483,12.637
94,43.223,13.221
94,43.251,13.768
94,43.088,14.063
94,42.892,14.802
94,42.605,15.213
94,42.805,15.262
94,42.702,15.719
94,42.824,15.912
94,42.779,16.348
94,42.65,16.775
94,42.348,17.076
94,42.271,17.475
94,41.754,17.833
94,41.221,18.672
94,40.939,19.486
94,40.248,20.175
94,39.802,20.339
94,39.139,21.292
94,39.024,21.987
94,39.066,22.58
94,38.493,23.688
94,38.024,24.079
94,37.484,24.285
94,37.155,24.858
94,37.209,25.085
94,36.932,25.603
94,36.64,25.826
94,36.249,26.57
94,35.64,27.377
94,35.13,28.063
94,34.632,28.059
94,34.788,28.607
94,34.832,28.957
94,34.956,29.357
94,34.923,29.501
94,34.642,29.099
94,34.427,28.344
94,34.155,27.823
94,33.921,27.649
94,33.588,27.971
94,33.137,28.418
94,32.423,29.851
94,32.32,29.76
94,32.735,28.705
94,33.349,27.7
94,34.105,26.142
94,34.474,25.599
94,34.795,25.034
94,35.692,23.927
94,35.494,23.752
94,35.526,23.102
94,36.691,22.205
94,36.866,22
94,37.189,21.019
94,36.969,20.837
94,37.115,19.808
94,37.482,18.614
94,37.863,18.368
94,38.41,17.998
94,38.991,16.841
94,39.266,15.923
94,39.814,15.436
94,41.179,14.491
94,41.735,13.921
94,42.277,13.344
94,42.59,13.0
94,43.081,12.7
94,43.318,12.39
94,43.286,11.975
94,42.716,11.736
94,43.145,11.462
94,43.471,11.278
94,43.667,10.864
94,44.118,10.446
94,44.614,10.442
94,45.557,10.698
94,46.645,10.817
94,47.526,11.127
94,48.022,11.193
94,48.379,11.375
94,48.948,11.411
94,49.268,11.43
94,49.729,11.579
94,50.259,11.68
94,50.732,12.022
94,51.111,12.025
94,51.134,11.748
94,51.042,11.167
94,51.045,10.641
94,50.834,10.28
94,50.552,9.199
94,50.071,8.082
94,49.453,6.805
94,48.595,5.339
94,47.741,4.219
94,46.565,2.855
94,45.564,2.046
94,44.068,1.053
94,43.136,0.292
94,42.042,-0.919
94,41.811,-1.446
94,41.585,-1.683
94,40.885,-2.083
94,40.638,-2.5
94,40.263,-2.573
94,40.121,-3.278
94,39.8,-3.681
94,39.605,-4.347
94,39.202,-4.677
94,38.741,-5.909
94,38.8,-6.476
94,39.44,-6.84
94,39.47,-7.1
94,39.195,-7.704
94,39.252,-8.008
94,39.187,-8.486
94,39.536,-9.112
94,39.95,-10.098
94,40.317,-10.317
94,40.478,-10.765
94,40.437,-11.762
94,40.561,-12.639
94,40.6,-14.202
94,40.775,-14.692
94,40.477,-15.406
94,40.089,-16.101
94,39.453,-16.721
94,38.538,-17.101
94,37.411,-17.586
94,36.281,-18.66
94,35.896,-18.842
94,35.198,-19.553
94,34.786,-19.784
94,34.702,-20.497
94,35.176,-21.254
94,35.373,-21.841
94,35.386,-22.14
94,35.563,-22.09
94,35.534,-23.071
94,35.372,-23.535
94,35.607,-23.707
94,35.459,-24.123
94,35.041,-24.478
94,34.216,-24.816
94,33.013,-25.358
94,32.575,-25.727
94,32.66,-26.149
94,32.916,-26.216
94,32.83,-26.742
94,32.58,-27.47
94,32.462,-28.301
94,32.203,-28.752
94,31.521,-29.257
94,31.326,-29.402
94,30.902,-29.91
94,30.623,-30.424
94,30.056,-31.14
94,28.926,-32.172
94,28.22,-32.772
94,27.465,-33.227
94,26.419,-33.615
94,25.91,-33.667
94,25.781,-33.945
94,25.173,-33.797
94,24.678,-33.987
94,23.594,-33.794
94,22.988,-33.916
94,22.574,-33.864
94,21.543,-34.259
94,20.689,-34.417
94,20.071,-34.795
94,19.616,-34.819
94,19.193,-34.463
94,18.855,-34.444
94,18.425,-33.998
94,18.377,-34.137
94,18.244,-33.868
94,18.25,-33.281
94,17.925,-32.611
94,18.248,-32.429
94,18.222,-31.662
94,17.567,-30.726
94,17.064,-29.879
94,17.063,-29.876
94,16.345,-28.577
94,15.602,-27.821
94,15.21,-27.091
94,14.99,-26.117
94,14.743,-25.393
94,14.408,-23.853
94,14.386,-22.657
94,14.258,-22.111
94,13.869,-21.699
94,13.352,-20.873
94,12.827,-19.673
94,12.609,-19.045
94,11.795,-18.069
94,11.734,-17.302
94,11.64,-16.673
94,11.779,-15.794
94,12.124,-14.878
94,12.176,-14.449
94,12.5,-13.548
94,12.738,-13.138
94,13.313,-12.484
94,13.634,-12.039
94,13.739,-11.298
94,13.686,-10.731
94,13.387,-10.374
94,13.121,-9.767
94,12.875,-9.167
94,12.929,-8.959
94,13.236,-8.563
94,12.933,-7.597
94,12.728,-6.927
94,12.227,-6.294
94,12.322,-6.1
94,12.182,-5.79
94,11.915,-5.038
94,11.094,-3.979
94,10.066,-2.969
94,9.405,-2.144
94,8.798,-1.111
94,8.83,-0.779
94,9.048,-0.459
94,9.291,0.269
94,9.493,1.01
94,9.306,1.161
94,9.649,2.284
94,9.795,3.073
94,9.404,3.735
94,8.948,3.904
94,8.745,4.352
94,8.489,4.496
94,8.5,4.772
94,7.462,4.412
94,7.083,4.465
94,6.698,4.241
94,5.898,4.262
94,5.363,4.888
94,5.034,5.612
94,4.326,6.271
94,3.574,6.258
94,2.692,6.259
94,1.865,6.142
94,1.06,5.929
94,-0.508,5.343
94,-1.064,5.001
94,-1.965,4.71
94,-2.856,4.994
94,-3.311,4.984
94,-4.009,5.18
94,-4.65,5.168
94,-5.834,4.994
94,-6.529,4.705
94,-7.519,4.338
94,-7.712,4.365
94,-7.974,4.356
94,-9.005,4.832
94,-9.913,5.594
94,-10.765,6.141
94,-11.439,6.786
94,-11.708,6.86
94,-12.428,7.263
94,-12.949,7.799
94,-13.124,8.164
94,-13.247,8.903
94,-13.685,9.495
94,-14.074,9.886
94,-14.33,10.016
94,-14.58,10.214
94,-14.693,10.656
94,-14.84,10.877
94,-15.13,11.04
94,-15.664,11.458
94,-16.085,11.525
94,-16.315,11.807
94,-16.309,11.959
94,-16.614,12.171
94,-16.677,12.385
94,-16.842,13.151
94,-16.714,13.595
94,-17.126,14.374
94,-17.625,14.73
94,-17.185,14.919
94,-16.701,15.622
94,-16.463,16.135
94,-16.55,16.674
94,-16.271,17.167
94,-16.146,18.108
94,-16.257,19.097
,,
95,-177.55,68.2
95,-180.0,68.964
,,
96,-180.0,-16.067
96,-179.793,-16.021
96,-179.917,-16.502
96,-180.0,-16.555
,,
97,125.947,-8.432
97,126.645,-8.398
97,126.957,-8.273
97,127.336,-8.397
97,126.968,-8.668
97,125.926,-9.106
97,125.089,-9.393
97,124.436,-10.14
97,123.58,-10.36
97,123.46,-10.24
97,123.55,-9.9
97,123.98,-9.29
97,124.969,-8.893
97,125.086,-8.657
97,125.947,-8.432
,,
98,-180,-84.713
98,-179.942,-84.721
98,-179.059,-84.139
98,-177.257,-84.453
98,-176.085,-84.099
98,-175.83,-84.118
98,-174.383,-84.534
98,-173.117,-84.118
98,-172.889,-84.061
98,-169.951,-83.885
98,-169.0,-84.118
98,-168.53,-84.237
98,-167.022,-84.57
98,-164.182,-84.825
98,-161.93,-85.139
98,-158.071,-85.374
98,-155.192,-85.1
98,-150.942,-85.296
98,-148.533,-85.609
98,-145.889,-85.315
98,-143.108,-85.041
98,-142.892,-84.57
98,-146.829,-84.531
98,-150.061,-84.296
98,-150.903,-83.904
98,-153.586,-83.689
98,-153.41,-83.238
98,-153.038,-82.827
98,-152.666,-82.454
98,-152.862,-82.043
98,-154.526,-81.768
98,-155.29,-81.416
98,-156.837,-81.102
98,-154.409,-81.161
98,-152.098,-81.004
98,-150.648,-81.337
98,-148.866,-81.043
98,-147.221,-80.671
98,-146.418,-80.338
98,-146.77,-79.926
98,-148.063,-79.652
98,-149.532,-79.358
98,-151.588,-79.299
98,-153.39,-79.162
98,-155.329,-79.064
98,-155.976,-78.692
98,-157.268,-78.378
98,-158.052,-78.026
98,-158.365,-76.889
98,-157.875,-76.987
98,-156.975,-77.301
98,-155.329,-77.203
98,-153.743,-77.066
98,-152.92,-77.497
98,-151.334,-77.399
98,-150.002,-77.183
98,-148.748,-76.909
98,-147.612,-76.576
98,-146.104,-76.478
98,-146.144,-76.105
98,-146.496,-75.733
98,-146.202,-75.38
98,-144.91,-75.204
98,-144.322,-75.537
98,-142.794,-75.341
98,-141.639,-75.086
98,-140.209,-75.067
98,-138.858,-74.969
98,-137.506,-74.734
98,-136.429,-74.518
98,-135.215,-74.303
98,-134.431,-74.361
98,-133.746,-74.44
98,-132.257,-74.303
98,-130.925,-74.479
98,-129.554,-74.459
98,-128.242,-74.322
98,-126.891,-74.42
98,-125.402,-74.518
98,-124.011,-74.479
98,-122.562,-74.499
98,-121.074,-74.518
98,-119.703,-74.479
98,-118.684,-74.185
98,-117.47,-74.028
98,-116.216,-74.244
98,-115.022,-74.068
98,-113.944,-73.715
98,-113.298,-74.028
98,-112.945,-74.381
98,-112.299,-74.714
98,-111.261,-74.42
98,-110.066,-74.793
98,-108.715,-74.91
98,-107.559,-75.184
98,-106.149,-75.126
98,-104.876,-74.949
98,-103.368,-74.988
98,-102.017,-75.126
98,-100.646,-75.302
98,-100.117,-74.871
98,-100.763,-74.538
98,-101.253,-74.185
98,-102.545,-74.107
98,-103.113,-73.734
98,-103.329,-73.362
98,-103.681,-72.618
98,-102.917,-72.755
98,-101.605,-72.813
98,-100.313,-72.755
98,-99.137,-72.911
98,-98.119,-73.205
98,-97.688,-73.558
98,-96.337,-73.617
98,-95.044,-73.48
98,-93.673,-73.284
98,-92.439,-73.166
98,-91.421,-73.401
98,-90.089,-73.323
98,-89.227,-72.559
98,-88.424,-73.009
98,-87.268,-73.186
98,-86.015,-73.088
98,-85.192,-73.48
98,-83.88,-73.519
98,-82.666,-73.636
98,-81.471,-73.852
98,-80.687,-73.48
98,-80.296,-73.127
98,-79.297,-73.519
98,-77.926,-73.421
98,-76.907,-73.636
98,-76.222,-73.97
98,-74.89,-73.872
98,-73.852,-73.656
98,-72.834,-73.401
98,-71.619,-73.264
98,-70.209,-73.147
98,-68.936,-73.009
98,-67.957,-72.794
98,-67.369,-72.48
98,-67.134,-72.049
98,-67.252,-71.638
98,-67.565,-71.246
98,-67.917,-70.854
98,-68.231,-70.462
98,-68.485,-70.109
98,-68.544,-69.717
98,-68.446,-69.326
98,-67.976,-68.953
98,-67.585,-68.542
98,-67.428,-68.15
98,-67.624,-67.719
98,-67.741,-67.327
98,-67.252,-66.876
98,-66.703,-66.582
98,-66.057,-66.21
98,-65.371,-65.896
98,-64.568,-65.603
98,-64.177,-65.171
98,-63.628,-64.897
98,-63.001,-64.642
98,-62.042,-64.584
98,-61.415,-64.27
98,-60.71,-64.074
98,-59.887,-63.957
98,-59.163,-63.702
98,-58.595,-63.388
98,-57.811,-63.271
98,-57.224,-63.525
98,-57.596,-63.859
98,-58.614,-64.152
98,-59.045,-64.368
98,-59.789,-64.211
98,-60.612,-64.309
98,-61.297,-64.544
98,-62.022,-64.799
98,-62.512,-65.093
98,-62.649,-65.485
98,-62.59,-65.857
98,-62.12,-66.19
98,-62.806,-66.426
98,-63.746,-66.504
98,-64.294,-66.837
98,-64.882,-67.15
98,-65.508,-67.582
98,-65.665,-67.954
98,-65.313,-68.365
98,-64.784,-68.679
98,-63.961,-68.914
98,-63.197,-69.228
98,-62.786,-69.619
98,-62.571,-69.992
98,-62.277,-70.384
98,-61.807,-70.717
98,-61.513,-71.089
98,-61.376,-72.01
98,-61.082,-72.382
98,-61.004,-72.774
98,-60.69,-73.166
98,-60.827,-73.695
98,-61.376,-74.107
98,-61.963,-74.44
98,-63.295,-74.577
98,-63.746,-74.93
98,-64.353,-75.263
98,-65.861,-75.635
98,-67.193,-75.792
98,-68.446,-76.007
98,-69.798,-76.223
98,-70.601,-76.634
98,-72.207,-76.674
98,-73.97,-76.634
98,-75.556,-76.713
98,-77.24,-76.713
98,-76.927,-77.105
98,-75.399,-77.281
98,-74.283,-77.555
98,-73.656,-77.908
98,-74.773,-78.222
98,-76.496,-78.124
98,-77.926,-78.378
98,-77.985,-78.79
98,-78.024,-79.182
98,-76.849,-79.515
98,-76.633,-79.887
98,-75.36,-80.26
98,-73.245,-80.416
98,-71.443,-80.691
98,-70.013,-81.004
98,-68.192,-81.318
98,-65.704,-81.474
98,-63.256,-81.749
98,-61.552,-82.043
98,-59.691,-82.376
98,-58.712,-82.846
98,-58.222,-83.218
98,-57.008,-82.866
98,-55.363,-82.572
98,-53.62,-82.258
98,-51.544,-82.004
98,-49.761,-81.729
98,-47.274,-81.71
98,-44.826,-81.847
98,-42.808,-82.082
98,-42.162,-81.651
98,-40.771,-81.357
98,-38.245,-81.337
98,-36.267,-81.122
98,-34.386,-80.906
98,-32.31,-80.769
98,-30.097,-80.593
98,-28.55,-80.338
98,-29.255,-79.985
98,-29.686,-79.633
98,-29.686,-79.26
98,-31.625,-79.299
98,-33.681,-79.456
98,-35.64,-79.456
98,-35.914,-79.084
98,-35.777,-78.339
98,-35.327,-78.124
98,-33.897,-77.889
98,-32.212,-77.653
98,-30.998,-77.36
98,-29.784,-77.066
98,-28.883,-76.674
98,-27.512,-76.497
98,-26.16,-76.36
98,-25.475,-76.282
98,-23.928,-76.243
98,-22.459,-76.105
98,-21.225,-75.909
98,-20.01,-75.674
98,-18.914,-75.439
98,-17.523,-75.126
98,-16.642,-74.793
98,-15.701,-74.499
98,-15.408,-74.107
98,-16.465,-73.872
98,-16.113,-73.46
98,-15.447,-73.147
98,-14.409,-72.951
98,-13.312,-72.715
98,-12.294,-72.402
98,-11.51,-72.01
98,-11.02,-71.54
98,-10.296,-71.265
98,-9.101,-71.324
98,-8.611,-71.657
98,-7.417,-71.697
98,-7.377,-71.324
98,-6.868,-70.932
98,-5.791,-71.03
98,-5.536,-71.403
98,-4.342,-71.461
98,-3.049,-71.285
98,-1.795,-71.167
98,-0.659,-71.226
98,-0.229,-71.638
98,0.868,-71.305
98,1.887,-71.128
98,3.023,-70.991
98,4.139,-70.854
98,5.158,-70.619
98,6.274,-70.462
98,7.136,-70.247
98,7.743,-69.894
98,8.487,-70.149
98,9.525,-70.011
98,10.25,-70.482
98,10.818,-70.834
98,11.954,-70.638
98,12.404,-70.247
98,13.423,-69.972
98,14.735,-70.031
98,15.127,-70.403
98,15.949,-70.031
98,17.027,-69.913
98,18.202,-69.874
98,19.259,-69.894
98,20.376,-70.011
98,21.453,-70.07
98,21.923,-70.403
98,22.569,-70.697
98,23.666,-70.521
98,24.841,-70.482
98,25.977,-70.482
98,27.094,-70.462
98,28.093,-70.325
98,29.15,-70.207
98,30.032,-69.933
98,30.972,-69.757
98,31.99,-69.659
98,32.754,-69.384
98,33.302,-68.836
98,33.87,-68.503
98,34.908,-68.659
98,35.3,-69.012
98,36.162,-69.247
98,37.2,-69.169
98,37.905,-69.521
98,38.649,-69.776
98,39.668,-69.541
98,40.02,-69.11
98,40.921,-68.934
98,41.959,-68.601
98,42.939,-68.463
98,44.114,-68.267
98,44.897,-68.052
98,45.72,-67.817
98,46.503,-67.601
98,47.443,-67.719
98,48.344,-67.366
98,48.991,-67.092
98,49.931,-67.111
98,50.753,-66.876
98,50.949,-66.523
98,51.792,-66.249
98,52.614,-66.053
98,53.613,-65.896
98,54.534,-65.818
98,55.415,-65.877
98,56.355,-65.975
98,57.158,-66.249
98,57.256,-66.68
98,58.137,-67.013
98,58.745,-67.288
98,59.939,-67.405
98,60.605,-67.68
98,61.428,-67.954
98,62.387,-68.013
98,63.19,-67.817
98,64.052,-67.405
98,64.992,-67.621
98,65.972,-67.738
98,66.912,-67.856
98,67.891,-67.934
98,68.89,-67.934
98,69.713,-68.973
98,69.673,-69.228
98,69.556,-69.678
98,68.596,-69.933
98,67.813,-70.305
98,67.95,-70.697
98,69.066,-70.678
98,68.929,-71.069
98,68.42,-71.442
98,67.95,-71.853
98,68.714,-72.167
98,69.869,-72.265
98,71.025,-72.088
98,71.573,-71.697
98,71.906,-71.324
98,72.455,-71.011
98,73.081,-70.717
98,73.336,-70.364
98,73.865,-69.874
98,74.492,-69.776
98,75.628,-69.737
98,76.626,-69.619
98,77.645,-69.463
98,78.135,-69.071
98,78.428,-68.698
98,79.114,-68.326
98,80.093,-68.072
98,80.935,-67.876
98,81.484,-67.542
98,82.052,-67.366
98,82.776,-67.209
98,83.775,-67.307
98,84.676,-67.209
98,85.656,-67.092
98,86.752,-67.15
98,87.477,-66.876
98,87.986,-66.21
98,88.358,-66.484
98,88.828,-66.955
98,89.671,-67.15
98,90.63,-67.229
98,91.59,-67.111
98,92.609,-67.19
98,93.549,-67.209
98,94.175,-67.111
98,95.018,-67.17
98,95.781,-67.386
98,96.682,-67.249
98,97.76,-67.249
98,98.68,-67.111
98,99.718,-67.249
98,100.384,-66.915
98,100.893,-66.582
98,101.579,-66.308
98,102.832,-65.563
98,103.479,-65.7
98,104.243,-65.975
98,104.908,-66.328
98,106.182,-66.935
98,107.161,-66.955
98,108.081,-66.955
98,109.159,-66.837
98,110.236,-66.7
98,111.058,-66.426
98,111.744,-66.132
98,112.86,-66.092
98,113.605,-65.877
98,114.388,-66.073
98,114.897,-66.386
98,115.602,-66.7
98,116.699,-66.661
98,117.385,-66.915
98,118.579,-67.17
98,119.833,-67.268
98,120.871,-67.19
98,121.654,-66.876
98,122.32,-66.563
98,123.221,-66.484
98,124.122,-66.621
98,125.16,-66.719
98,126.1,-66.563
98,127.001,-66.563
98,127.883,-66.661
98,128.803,-66.759
98,129.704,-66.582
98,130.781,-66.426
98,131.8,-66.386
98,132.936,-66.386
98,133.856,-66.288
98,134.757,-66.21
98,135.032,-65.72
98,135.071,-65.309
98,135.697,-65.583
98,135.874,-66.034
98,136.207,-66.445
98,136.618,-66.778
98,137.46,-66.955
98,138.596,-66.896
98,139.908,-66.876
98,140.809,-66.817
98,142.122,-66.817
98,143.062,-66.798
98,144.374,-66.837
98,145.49,-66.915
98,146.196,-67.229
98,146.0,-67.601
98,146.646,-67.895
98,147.723,-68.13
98,148.84,-68.385
98,150.132,-68.561
98,151.484,-68.718
98,152.502,-68.875
98,153.638,-68.895
98,154.285,-68.561
98,155.166,-68.836
98,155.93,-69.149
98,156.811,-69.384
98,158.026,-69.482
98,159.181,-69.6
98,159.671,-69.992
98,160.807,-70.227
98,161.57,-70.58
98,162.687,-70.736
98,163.842,-70.717
98,164.92,-70.776
98,166.114,-70.756
98,167.309,-70.834
98,168.426,-70.971
98,169.464,-71.207
98,170.502,-71.403
98,171.207,-71.697
98,171.089,-72.088
98,170.56,-72.441
98,170.11,-72.892
98,169.757,-73.245
98,169.287,-73.656
98,167.975,-73.813
98,167.387,-74.165
98,166.095,-74.381
98,165.644,-74.773
98,164.959,-75.145
98,164.234,-75.459
98,163.823,-75.87
98,163.568,-76.243
98,163.47,-76.693
98,163.49,-77.066
98,164.058,-77.457
98,164.273,-77.83
98,164.743,-78.183
98,166.604,-78.32
98,166.996,-78.751
98,165.194,-78.907
98,163.666,-79.123
98,161.766,-79.162
98,160.924,-79.73
98,160.748,-80.201
98,160.317,-80.573
98,159.788,-80.945
98,161.12,-81.279
98,161.629,-81.69
98,162.491,-82.062
98,163.705,-82.395
98,165.096,-82.709
98,166.604,-83.022
98,168.896,-83.336
98,169.405,-83.826
98,172.284,-84.041
98,172.477,-84.118
98,173.224,-84.414
98,175.986,-84.159
98,178.277,-84.473
98,180,-84.713
,,
99,-180,68.964
99,-177.55,68.2
99,-174.928,67.206
99,-175.014,66.584
99,-174.34,66.336
99,-174.572,67.062
99,-171.857,66.913
99,-169.9,65.977
99,-170.891,65.541
99,-172.53,65.438
99,-172.555,64.461
99,-172.955,64.253
99,-173.892,64.283
99,-174.654,64.631
99,-175.984,64.923
99,-176.207,65.357
99,-177.223,65.52
99,-178.36,65.391
99,-178.903,65.74
99,-178.686,66.112
99,-179.884,65.875
99,-179.433,65.404
99,-180,64.98
,,
100,-180,71.516
100,-179.872,71.558
100,-179.024,71.556
100,-177.578,71.269
100,-177.664,71.133
100,-178.694,70.893
100,-180,70.832
,,
101,180,70.832
101,178.903,70.781
101,178.725,71.099
101,180,71.516
,,
102,180,-16.555
102,179.364,-16.801
102,178.725,-17.012
102,178.597,-16.639
102,179.097,-16.434
102,179.414,-16.379
102,180,-16.067
,,
103,-61.2,-51.85
103,-60,-51.25
103,-59.15,-51.5
103,-58.55,-51.1
103,-57.75,-51.55
103,-58.05,-51.9
103,-59.4,-52.2
103,-59.85,-51.85
103,-60.7,-52.3
103,-61.2,-51.85
,,
104,68.935,-48.625
104,69.58,-48.94
104,70.525,-49.065
104,70.56,-49.255
104,70.28,-49.71
104,68.745,-49.775
104,68.72,-49.242
104,68.868,-48.83
104,68.935,-48.625
,,
105,178.126,-17.505
105,178.374,-17.34
105,178.718,-17.628
105,178.553,-18.151
105,177.933,-18.288
105,177.381,-18.164
105,177.285,-17.725
105,177.671,-17.381
105,178.126,-17.505
,,
106,-61.68,10.76
106,-61.105,10.89
106,-60.895,10.855
106,-60.935,10.11
106,-61.77,10
106,-61.95,10.09
106,-61.66,10.365
106,-61.68,10.76
,,
107,-155.402,20.08
107,-155.225,19.993
107,-155.062,19.859
107,-154.807,19.509
107,-154.831,19.453
107,-155.222,19.24
107,-155.542,19.083
107,-155.688,18.916
107,-155.937,19.059
107,-155.908,19.339
107,-156.073,19.703
107,-156.024,19.814
107,-155.85,19.977
107,-155.919,20.174
107,-155.861,20.267
107,-155.785,20.249
107,-155.402,20.08
,,
108,-155.996,20.764
108,-156.079,20.644
108,-156.414,20.572
108,-156.587,20.783
108,-156.702,20.864
108,-156.711,20.927
108,-156.613,21.012
108,-156.257,20.917
108,-155.996,20.764
,,
109,-156.758,21.177
109,-156.789,21.069
109,-157.325,21.098
109,-157.25,21.22
109,-156.758,21.177
,,
110,-158.025,21.717
110,-157.942,21.653
110,-157.653,21.322
110,-157.707,21.264
110,-157.779,21.277
110,-158.127,21.312
110,-158.254,21.539
110,-158.293,21.579
110,-158.025,21.717
,,
111,-159.366,22.215
111,-159.345,21.982
111,-159.464,21.883
111,-159.801,22.065
111,-159.749,22.138
111,-159.596,22.236
111,-159.366,22.215
,,
112,-78.191,25.21
112,-77.89,25.17
112,-77.54,24.34
112,-77.535,23.76
112,-77.78,23.71
112,-78.034,24.286
112,-78.408,24.576
112,-78.191,25.21
,,
113,-78.98,26.79
113,-78.51,26.87
113,-77.85,26.84
113,-77.82,26.58
113,-78.91,26.42
113,-78.98,26.79
,,
114,-77.79,27.04
114,-77,26.59
114,-77.173,25.879
114,-77.356,26.007
114,-77.34,26.53
114,-77.788,26.925
114,-77.79,27.04
,,
115,-64.015,47.036
115,-63.664,46.55
115,-62.939,46.416
115,-62.012,46.443
115,-62.504,46.033
115,-62.874,45.968
115,-64.143,46.393
115,-64.393,46.727
115,-64.015,47.036
,,
116,46.682,44.609
116,47.676,45.641
116,48.645,45.806
116,49.101,46.399
116,50.034,46.609
116,51.192,47.049
116,52.042,46.805
116,53.043,46.853
116,53.221,46.235
116,53.041,45.259
116,52.167,45.408
116,51.317,45.246
116,51.279,44.515
116,50.306,44.61
116,50.339,44.284
116,50.891,44.031
116,51.342,43.133
116,52.501,42.792
116,52.692,42.444
116,52.446,42.027
116,52.502,41.783
116,52.815,41.135
116,52.917,41.868
116,53.722,42.123
116,54.008,41.551
116,54.737,40.951
116,53.858,40.631
116,52.915,40.877
116,52.694,40.034
116,53.358,39.975
116,53.101,39.291
116,53.881,38.952
116,53.736,37.906
116,53.922,37.199
116,53.826,36.965
116,52.264,36.7
116,50.842,36.873
116,50.148,37.375
116,49.2,37.583
116,48.883,38.32
116,48.857,38.815
116,49.223,39.049
116,49.395,39.399
116,49.569,40.176
116,50.393,40.257
116,50.085,40.526
116,49.619,40.573
116,49.11,41.282
116,48.584,41.809
116,47.493,42.987
116,47.591,43.66
116,46.682,44.609
,,
117,-64.519,49.873
117,-64.173,49.957
117,-62.858,49.706
117,-61.836,49.289
117,-61.806,49.105
117,-62.293,49.087
117,-63.589,49.401
117,-64.519,49.873
,,
118,-80.315,62.086
118,-79.929,62.386
118,-79.52,62.364
118,-79.266,62.159
118,-79.658,61.633
118,-80.1,61.718
118,-80.362,62.016
118,-80.315,62.086
,,
119,-83.994,62.453
119,-83.25,62.914
119,-81.877,62.905
119,-81.898,62.711
119,-83.069,62.159
119,-83.775,62.182
119,-83.994,62.453
,,
120,-75.216,67.444
120,-75.866,67.149
120,-76.987,67.099
120,-77.236,67.588
120,-76.812,68.149
120,-75.895,68.287
120,-75.115,68.01
120,-75.103,67.582
120,-75.216,67.444
,,
121,-96.557,69.68
121,-95.648,69.108
121,-96.27,68.757
121,-97.617,69.06
121,-98.432,68.951
121,-99.797,69.4
121,-98.917,69.71
121,-98.218,70.144
121,-97.157,69.86
121,-96.557,69.68
,,
122,-106.523,73.076
122,-105.402,72.673
122,-104.775,71.698
122,-104.465,70.993
122,-102.785,70.498
122,-100.981,70.024
122,-101.089,69.584
122,-102.731,69.504
122,-102.093,69.12
122,-102.43,68.753
122,-104.24,68.91
122,-105.96,69.18
122,-107.123,69.119
122,-109,68.78
122,-111.534,68.63
122,-113.313,68.536
122,-113.855,69.007
122,-115.22,69.28
122,-116.108,69.168
122,-117.34,69.96
122,-116.675,70.067
122,-115.131,70.237
122,-113.721,70.192
122,-112.416,70.366
122,-114.35,70.6
122,-116.487,70.52
122,-117.905,70.541
122,-118.432,70.909
122,-116.113,71.309
122,-117.656,71.295
122,-119.402,71.559
122,-118.563,72.308
122,-117.866,72.706
122,-115.189,73.315
122,-114.167,73.121
122,-114.666,72.653
122,-112.441,72.955
122,-111.05,72.45
122,-109.92,72.961
122,-109.007,72.633
122,-108.188,71.651
122,-107.686,72.065
122,-108.396,73.09
122,-107.516,73.236
122,-106.523,73.076
,,
123,-79.776,72.803
123,-80.876,73.333
123,-80.834,73.693
123,-80.353,73.76
123,-78.064,73.652
123,-76.34,73.103
123,-76.251,72.826
123,-77.314,72.856
123,-78.392,72.877
123,-79.486,72.742
123,-79.776,72.803
,,
124,139.863,73.37
124,140.812,73.765
124,142.062,73.858
124,143.483,73.475
124,143.604,73.212
124,142.088,73.205
124,140.038,73.317
124,139.863,73.37
,,
125,148.222,75.346
125,150.732,75.084
125,149.576,74.689
125,147.977,74.778
125,146.119,75.173
125,146.358,75.497
125,148.222,75.346
,,
126,138.831,76.137
126,141.472,76.093
126,145.086,75.563
126,144.3,74.82
126,140.614,74.848
126,138.955,74.611
126,136.974,75.262
126,137.512,75.949
126,138.831,76.137
,,
127,-98.577,76.589
127,-98.5,76.72
127,-97.736,76.257
127,-97.704,75.743
127,-98.16,75
127,-99.809,74.897
127,-100.884,75.057
127,-100.863,75.641
127,-102.502,75.564
127,-102.566,76.337
127,-101.49,76.305
127,-99.983,76.646
127,-98.577,76.589
,,
128,102.838,79.281
128,105.372,78.713
128,105.075,78.307
128,99.438,77.921
128,101.265,79.234
128,102.086,79.346
128,102.838,79.281
,,
129,93.778,81.025
129,95.941,81.25
129,97.884,80.747
129,100.187,79.78
129,99.94,78.881
129,97.758,78.756
129,94.973,79.045
129,93.313,79.427
129,92.545,80.144
129,91.181,80.341
129,93.778,81.025
,,
130,-96.016,80.602
130,-95.323,80.907
130,-94.298,80.977
130,-94.735,81.206
130,-92.41,81.257
130,-91.133,80.723
130,-87.81,80.32
130,-87.02,79.66
130,-85.814,79.337
130,-87.188,79.039
130,-89.035,78.287
130,-90.804,78.215
130,-92.877,78.343
130,-93.951,78.751
130,-93.936,79.114
130,-93.145,79.38
130,-94.974,79.372
130,-96.076,79.705
130,-96.71,80.158
130,-96.016,80.602
,,
131,-91.587,81.894
131,-90.1,82.085
131,-88.932,82.118
131,-86.97,82.28
131,-85.5,82.652
131,-84.26,82.6
131,-83.18,82.32
131,-82.42,82.86
131,-81.1,83.02
131,-79.307,83.131
131,-76.25,83.172
131,-75.719,83.064
131,-72.832,83.233
131,-70.666,83.17
131,-68.5,83.106
131,-65.827,83.028
131,-63.68,82.9
131,-61.85,82.629
131,-61.894,82.362
131,-64.334,81.928
131,-66.753,81.725
131,-67.658,81.501
131,-65.48,81.507
131,-67.84,80.9
131,-69.47,80.617
131,-71.18,79.8
131,-73.243,79.634
131,-73.88,79.43
131,-76.908,79.323
131,-75.529,79.198
131,-76.22,79.019
131,-75.393,78.526
131,-76.344,78.183
131,-77.889,77.9
131,-78.363,77.509
131,-79.76,77.21
131,-79.62,76.983
131,-77.911,77.022
131,-77.889,76.778
131,-80.561,76.178
131,-83.174,76.454
131,-86.112,76.299
131,-87.6,76.42
131,-89.491,76.472
131,-89.616,76.952
131,-87.767,77.178
131,-88.26,77.9
131,-87.65,77.97
131,-84.976,77.539
131,-86.34,78.18
131,-87.962,78.372
131,-87.152,78.759
131,-85.379,78.997
131,-85.095,79.345
131,-86.507,79.736
131,-86.932,80.251
131,-84.198,80.208
131,-83.409,80.1
131,-81.848,80.464
131,-84.1,80.58
131,-87.599,80.516
131,-89.367,80.856
131,-90.2,81.26
131,-91.368,81.553
131,-91.587,81.894
,,
132,-46.764,82.628
132,-43.406,83.225
132,-39.898,83.18
132,-38.622,83.549
132,-35.088,83.645
132,-27.1,83.52
132,-20.845,82.727
132,-22.692,82.342
132,-26.518,82.298
132,-31.9,82.2
132,-31.396,82.022
132,-27.857,82.132
132,-24.844,81.787
132,-22.903,82.093
132,-22.072,81.734
132,-23.17,81.153
132,-20.624,81.525
132,-15.768,81.912
132,-12.77,81.719
132,-12.209,81.292
132,-16.285,80.58
132,-16.85,80.35
132,-20.046,80.177
132,-17.73,80.129
132,-18.9,79.4
132,-19.705,78.751
132,-19.674,77.639
132,-18.473,76.986
132,-20.035,76.944
132,-21.679,76.628
132,-19.834,76.098
132,-19.599,75.248
132,-20.668,75.156
132,-19.373,74.296
132,-21.594,74.224
132,-20.435,73.817
132,-20.762,73.464
132,-22.172,73.31
132,-23.566,73.307
132,-22.313,72.629
132,-22.3,72.184
132,-24.278,72.598
132,-24.793,72.33
132,-23.443,72.08
132,-22.133,71.469
132,-21.754,70.664
132,-23.536,70.471
132,-24.307,70.856
132,-25.543,71.431
132,-25.201,70.752
132,-26.363,70.226
132,-23.727,70.184
132,-22.349,70.129
132,-25.029,69.259
132,-27.747,68.47
132,-30.674,68.125
132,-31.777,68.121
132,-32.811,67.735
132,-34.202,66.68
132,-36.353,65.979
132,-37.044,65.938
132,-38.375,65.692
132,-39.812,65.458
132,-40.669,64.84
132,-40.683,64.139
132,-41.189,63.482
132,-42.819,62.682
132,-42.417,61.901
132,-42.866,61.074
132,-43.378,60.098
132,-44.788,60.037
132,-46.264,60.853
132,-48.263,60.858
132,-49.233,61.407
132,-49.9,62.383
132,-51.633,63.627
132,-52.14,64.278
132,-52.277,65.177
132,-53.662,66.1
132,-53.302,66.837
132,-53.969,67.189
132,-52.98,68.358
132,-51.475,68.73
132,-51.08,69.148
132,-50.871,69.929
132,-52.014,69.575
132,-52.558,69.426
132,-53.456,69.284
132,-54.683,69.61
132,-54.75,70.289
132,-54.359,70.821
132,-53.431,70.836
132,-51.39,70.57
132,-53.109,71.205
132,-54.004,71.547
132,-55,71.407
132,-55.835,71.654
132,-54.718,72.586
132,-55.326,72.959
132,-56.12,73.65
132,-57.324,74.71
132,-58.597,75.099
132,-58.585,75.517
132,-61.269,76.102
132,-63.392,76.175
132,-66.064,76.135
132,-68.504,76.061
132,-69.665,76.38
132,-71.403,77.009
132,-68.777,77.323
132,-66.764,77.376
132,-71.043,77.636
132,-73.297,78.044
132,-73.159,78.433
132,-69.373,78.914
132,-65.711,79.394
132,-65.324,79.758
132,-68.023,80.117
132,-67.151,80.516
132,-63.689,81.214
132,-62.234,81.321
132,-62.651,81.77
132,-60.282,82.034
132,-57.207,82.191
132,-54.134,82.2
132,-53.043,81.888
132,-50.391,82.439
132,-48.004,82.065
132,-46.6,81.986
132,-44.523,81.661
132,-46.901,82.2
132,-46.764,82.628
,,
133,-106.6,73.6
133,-105.26,73.64
133,-104.5,73.42
133,-105.38,72.76
133,-106.94,73.46
133,-106.6,73.6
