lon,lat,depth
-75.5,-45.0,9.7
-75.0,-45.0,16.2
-74.5,-45.0,26.5
-75.5,-44.5,8.7
-75.0,-44.5,14.0
-74.5,-44.5,22.5
-74.0,-44.5,38.9
-75.5,-44.0,8.2
-75.0,-44.0,13.1
-74.5,-44.0,21.5
-74.0,-44.0,37.0
-73.5,-44.0,58.7
-73.0,-44.0,82.0
-72.5,-44.0,106.7
-72.0,-44.0,133.2
-75.5,-43.5,7.3
-75.0,-43.5,12.2
-74.5,-43.5,21.1
-74.0,-43.5,36.8
-73.5,-43.5,57.5
-73.0,-43.5,79.3
-72.5,-43.5,103.2
-72.0,-43.5,129.7
-75.5,-43.0,6.6
-75.0,-43.0,11.2
-74.5,-43.0,20.3
-74.0,-43.0,35.8
-73.5,-43.0,55.8
-73.0,-43.0,76.8
-72.5,-43.0,99.8
-72.0,-43.0,126.0
-71.5,-43.0,155.8
-75.0,-42.5,10.8
-74.5,-42.5,19.3
-74.0,-42.5,33.4
-73.5,-42.5,52.6
-73.0,-42.5,73.3
-72.5,-42.5,95.9
-72.0,-42.5,121.5
-71.5,-42.5,152.2
-75.0,-42.0,10.3
-74.5,-42.0,18.0
-74.0,-42.0,30.6
-73.5,-42.0,48.4
-73.0,-42.0,69.0
-72.5,-42.0,91.9
-72.0,-42.0,117.2
-71.5,-42.0,147.9
-75.0,-41.5,9.4
-74.5,-41.5,16.5
-74.0,-41.5,28.0
-73.5,-41.5,44.7
-73.0,-41.5,65.2
-72.5,-41.5,88.8
-72.0,-41.5,113.8
-71.5,-41.5,143.0
-71.0,-41.5,180.2
-75.0,-41.0,8.5
-74.5,-41.0,15.1
-74.0,-41.0,26.0
-73.5,-41.0,42.1
-73.0,-41.0,62.8
-72.5,-41.0,86.9
-72.0,-41.0,111.5
-71.5,-41.0,138.5
-71.0,-41.0,174.0
-70.5,-41.0,217.1
-65.0,-41.0,539.8
-64.5,-41.0,555.8
-64.0,-41.0,570.0
-63.0,-41.0,595.4
-62.5,-41.0,608.7
-62.0,-41.0,624.1
-61.5,-41.0,641.5
-75.0,-40.5,8.0
-74.5,-40.5,14.3
-74.0,-40.5,24.7
-73.5,-40.5,40.9
-73.0,-40.5,62.2
-72.5,-40.5,86.3
-72.0,-40.5,109.4
-71.5,-40.5,133.2
-71.0,-40.5,165.8
-70.5,-40.5,210.0
-70.0,-40.5,261.1
-67.0,-40.5,465.3
-66.5,-40.5,486.2
-66.0,-40.5,504.7
-65.5,-40.5,521.5
-65.0,-40.5,538.4
-64.5,-40.5,554.7
-64.0,-40.5,568.7
-63.5,-40.5,580.5
-63.0,-40.5,591.4
-62.5,-40.5,603.3
-62.0,-40.5,618.5
-61.5,-40.5,636.2
-61.0,-40.5,655.1
-75.0,-40.0,7.8
-74.5,-40.0,13.8
-74.0,-40.0,24.0
-73.5,-40.0,40.2
-73.0,-40.0,61.7
-72.5,-40.0,84.7
-72.0,-40.0,105.8
-71.5,-40.0,126.8
-71.0,-40.0,155.3
-70.5,-40.0,198.3
-70.0,-40.0,254.2
-69.5,-40.0,307.7
-69.0,-40.0,349.6
-68.5,-40.0,383.7
-68.0,-40.0,413.9
-67.5,-40.0,439.7
-67.0,-40.0,461.2
-66.5,-40.0,480.7
-66.0,-40.0,498.5
-65.5,-40.0,515.2
-65.0,-40.0,532.4
-64.5,-40.0,549.0
-64.0,-40.0,563.0
-63.5,-40.0,574.4
-63.0,-40.0,585.0
-62.5,-40.0,597.2
-62.0,-40.0,612.9
-61.5,-40.0,631.1
-61.0,-40.0,650.2
-75.0,-39.5,7.4
-74.5,-39.5,13.1
-74.0,-39.5,22.8
-73.5,-39.5,38.2
-73.0,-39.5,58.4
-72.5,-39.5,80.0
-72.0,-39.5,100.5
-71.5,-39.5,120.5
-71.0,-39.5,144.9
-70.5,-39.5,182.8
-70.0,-39.5,238.5
-69.5,-39.5,297.1
-69.0,-39.5,344.4
-68.5,-39.5,381.2
-68.0,-39.5,411.4
-67.5,-39.5,434.3
-67.0,-39.5,452.1
-66.5,-39.5,470.0
-66.0,-39.5,487.7
-65.5,-39.5,504.6
-65.0,-39.5,521.9
-64.5,-39.5,538.3
-64.0,-39.5,552.1
-63.5,-39.5,564.1
-63.0,-39.5,576.6
-62.5,-39.5,591.4
-62.0,-39.5,609.2
-61.5,-39.5,628.0
-61.0,-39.5,647.1
-60.5,-39.5,667.4
-74.5,-39.0,12.3
-74.0,-39.0,21.3
-73.5,-39.0,34.7
-73.0,-39.0,52.4
-72.5,-39.0,73.1
-72.0,-39.0,94.1
-71.5,-39.0,114.1
-71.0,-39.0,135.8
-70.5,-39.0,168.5
-70.0,-39.0,220.8
-69.5,-39.0,281.3
-69.0,-39.0,333.7
-68.5,-39.0,374.8
-68.0,-39.0,406.6
-67.5,-39.0,427.9
-67.0,-39.0,442.8
-66.5,-39.0,459.2
-66.0,-39.0,476.8
-65.5,-39.0,493.4
-65.0,-39.0,509.9
-64.5,-39.0,525.7
-64.0,-39.0,539.8
-63.5,-39.0,553.6
-63.0,-39.0,569.1
-62.5,-39.0,587.5
-62.0,-39.0,607.4
-61.5,-39.0,626.4
-61.0,-39.0,644.8
-60.5,-39.0,664.5
-74.5,-38.5,11.8
-74.0,-38.5,19.9
-73.5,-38.5,31.3
-73.0,-38.5,46.8
-72.5,-38.5,66.8
-72.0,-38.5,88.7
-71.5,-38.5,108.9
-71.0,-38.5,129.1
-70.5,-38.5,158.7
-70.0,-38.5,206.9
-69.5,-38.5,266.8
-69.0,-38.5,322.2
-68.5,-38.5,366.5
-68.0,-38.5,399.8
-67.5,-38.5,420.6
-67.0,-38.5,433.7
-66.5,-38.5,447.8
-66.0,-38.5,464.4
-65.5,-38.5,481.0
-65.0,-38.5,497.0
-64.5,-38.5,512.7
-64.0,-38.5,528.4
-63.5,-38.5,545.1
-63.0,-38.5,563.9
-62.5,-38.5,584.9
-62.0,-38.5,605.9
-61.5,-38.5,624.4
-61.0,-38.5,641.9
-60.5,-38.5,661.3
-74.5,-38.0,11.0
-74.0,-38.0,18.4
-73.5,-38.0,28.4
-73.0,-38.0,42.5
-72.5,-38.0,62.2
-72.0,-38.0,84.6
-71.5,-38.0,104.9
-71.0,-38.0,124.6
-70.5,-38.0,153.0
-70.0,-38.0,198.4
-69.5,-38.0,256.2
-69.0,-38.0,311.6
-68.5,-38.0,356.5
-68.0,-38.0,389.2
-67.5,-38.0,408.5
-67.0,-38.0,419.9
-66.5,-38.0,432.0
-66.0,-38.0,447.3
-65.5,-38.0,464.3
-65.0,-38.0,481.4
-64.5,-38.0,498.5
-64.0,-38.0,516.6
-63.5,-38.0,536.5
-63.0,-38.0,558.1
-62.5,-38.0,580.5
-62.0,-38.0,601.6
-61.5,-38.0,620.3
-61.0,-38.0,638.6
-60.5,-38.0,659.0
-74.5,-37.5,10.2
-74.0,-37.5,17.0
-73.5,-37.5,26.3
-73.0,-37.5,39.4
-72.5,-37.5,58.3
-72.0,-37.5,80.5
-71.5,-37.5,100.7
-71.0,-37.5,119.9
-70.5,-37.5,147.9
-70.0,-37.5,191.2
-69.5,-37.5,245.2
-69.0,-37.5,297.9
-68.5,-37.5,340.9
-68.0,-37.5,370.8
-67.5,-37.5,387.5
-67.0,-37.5,397.8
-66.5,-37.5,410.4
-66.0,-37.5,426.4
-65.5,-37.5,444.4
-65.0,-37.5,463.1
-64.5,-37.5,482.4
-64.0,-37.5,503.2
-63.5,-37.5,526.1
-63.0,-37.5,549.8
-62.5,-37.5,571.7
-62.0,-37.5,592.3
-61.5,-37.5,613.9
-61.0,-37.5,636.7
-60.5,-37.5,659.2
-74.0,-37.0,15.5
-73.5,-37.0,24.5
-73.0,-37.0,37.2
-72.5,-37.0,54.8
-72.0,-37.0,75.5
-71.5,-37.0,94.8
-71.0,-37.0,113.7
-70.5,-37.0,140.7
-70.0,-37.0,180.2
-69.5,-37.0,227.4
-69.0,-37.0,274.6
-68.5,-37.0,314.3
-68.0,-37.0,341.2
-67.5,-37.0,356.6
-67.0,-37.0,369.1
-66.5,-37.0,386.2
-66.0,-37.0,405.4
-65.5,-37.0,424.1
-65.0,-37.0,443.2
-64.5,-37.0,464.1
-64.0,-37.0,487.6
-63.5,-37.0,513.4
-63.0,-37.0,538.3
-62.5,-37.0,559.3
-62.0,-37.0,580.5
-61.5,-37.0,607.6
-61.0,-37.0,636.4
-60.5,-37.0,659.9
-74.0,-36.5,13.2
-73.5,-36.5,22.0
-73.0,-36.5,34.4
-72.5,-36.5,50.5
-72.0,-36.5,69.6
-71.5,-36.5,88.3
-71.0,-36.5,106.8
-70.5,-36.5,131.9
-70.0,-36.5,165.8
-69.5,-36.5,204.2
-69.0,-36.5,243.6
-68.5,-36.5,278.8
-68.0,-36.5,304.1
-67.5,-36.5,320.7
-67.0,-36.5,338.9
-66.5,-36.5,363.5
-66.0,-36.5,386.4
-65.5,-36.5,404.3
-65.0,-36.5,422.6
-64.5,-36.5,445.2
-64.0,-36.5,471.0
-63.5,-36.5,498.2
-63.0,-36.5,524.3
-62.5,-36.5,547.7
-62.0,-36.5,572.9
-61.5,-36.5,604.5
-61.0,-36.5,635.1
-60.5,-36.5,657.4
-74.0,-36.0,10.6
-73.5,-36.0,18.2
-73.0,-36.0,29.3
-72.5,-36.0,43.9
-72.0,-36.0,62.1
-71.5,-36.0,81.3
-71.0,-36.0,100.3
-70.5,-36.0,123.6
-70.0,-36.0,151.8
-69.5,-36.0,181.4
-69.0,-36.0,212.6
-68.5,-36.0,243.3
-68.0,-36.0,267.9
-67.5,-36.0,288.0
-67.0,-36.0,313.2
-66.5,-36.0,343.9
-66.0,-36.0,368.6
-65.5,-36.0,384.3
-65.0,-36.0,401.9
-64.5,-36.0,426.4
-64.0,-36.0,454.0
-63.5,-36.0,481.9
-63.0,-36.0,510.8
-62.5,-36.0,541.2
-62.0,-36.0,572.5
-61.5,-36.0,604.4
-61.0,-36.0,631.1
-60.5,-36.0,650.7
-73.5,-35.5,13.5
-73.0,-35.5,22.4
-72.5,-35.5,35.1
-72.0,-35.5,52.5
-71.5,-35.5,72.8
-71.0,-35.5,93.2
-70.5,-35.5,115.5
-70.0,-35.5,139.2
-69.5,-35.5,162.4
-69.0,-35.5,187.6
-68.5,-35.5,214.7
-68.0,-35.5,239.1
-67.5,-35.5,263.4
-67.0,-35.5,294.4
-66.5,-35.5,327.5
-66.0,-35.5,350.4
-65.5,-35.5,363.3
-65.0,-35.5,380.5
-64.5,-35.5,406.6
-64.0,-35.5,436.0
-63.5,-35.5,465.5
-63.0,-35.5,499.1
-62.5,-35.5,537.1
-62.0,-35.5,572.2
-61.5,-35.5,600.6
-61.0,-35.5,622.4
-60.5,-35.5,640.8
-73.5,-35.0,9.7
-73.0,-35.0,16.1
-72.5,-35.0,26.7
-72.0,-35.0,42.6
-71.5,-35.0,63.0
-71.0,-35.0,84.5
-70.5,-35.0,106.1
-70.0,-35.0,127.7
-69.5,-35.0,148.1
-69.0,-35.0,169.8
-68.5,-35.0,193.7
-68.0,-35.0,218.3
-67.5,-35.0,246.3
-67.0,-35.0,280.4
-66.5,-35.0,312.6
-66.0,-35.0,331.8
-65.5,-35.0,341.5
-65.0,-35.0,357.6
-64.5,-35.0,384.6
-64.0,-35.0,415.5
-63.5,-35.0,447.8
-63.0,-35.0,486.0
-62.5,-35.0,527.2
-62.0,-35.0,561.1
-61.5,-35.0,586.9
-61.0,-35.0,609.0
-60.5,-35.0,630.6
-73.0,-34.5,11.7
-72.5,-34.5,20.2
-72.0,-34.5,34.0
-71.5,-34.5,53.4
-71.0,-34.5,75.2
-70.5,-34.5,95.9
-70.0,-34.5,115.7
-69.5,-34.5,135.2
-69.0,-34.5,155.1
-68.5,-34.5,176.0
-68.0,-34.5,199.2
-67.5,-34.5,228.0
-67.0,-34.5,262.4
-66.5,-34.5,293.1
-66.0,-34.5,310.4
-65.5,-34.5,318.3
-65.0,-34.5,333.2
-64.5,-34.5,359.8
-64.0,-34.5,391.8
-63.5,-34.5,426.6
-63.0,-34.5,466.5
-62.5,-34.5,505.9
-62.0,-34.5,536.8
-61.5,-34.5,564.0
-61.0,-34.5,594.3
-60.5,-34.5,624.3
-73.0,-34.0,8.7
-72.5,-34.0,15.5
-72.0,-34.0,27.6
-71.5,-34.0,45.6
-71.0,-34.0,67.2
-70.5,-34.0,87.0
-70.0,-34.0,104.6
-69.5,-34.0,123.0
-69.0,-34.0,141.7
-68.5,-34.0,159.4
-68.0,-34.0,178.6
-67.5,-34.0,203.5
-67.0,-34.0,234.6
-66.5,-34.0,264.6
-66.0,-34.0,283.8
-65.5,-34.0,293.6
-65.0,-34.0,308.5
-64.5,-34.0,334.0
-64.0,-34.0,365.8
-63.5,-34.0,400.9
-63.0,-34.0,438.4
-62.5,-34.0,474.4
-62.0,-34.0,505.4
-61.5,-34.0,538.4
-61.0,-34.0,579.8
-60.5,-34.0,620.7
-72.5,-33.5,12.6
-72.0,-33.5,23.4
-71.5,-33.5,40.5
-71.0,-33.5,62.0
-70.5,-33.5,81.5
-70.0,-33.5,97.3
-69.5,-33.5,113.4
-69.0,-33.5,129.5
-68.5,-33.5,143.5
-68.0,-33.5,157.7
-67.5,-33.5,176.0
-67.0,-33.5,200.3
-66.5,-33.5,228.1
-66.0,-33.5,251.1
-65.5,-33.5,266.8
-65.0,-33.5,284.6
-64.5,-33.5,310.0
-64.0,-33.5,340.9
-63.5,-33.5,374.5
-63.0,-33.5,408.7
-62.5,-33.5,442.8
-62.0,-33.5,478.4
-61.5,-33.5,520.7
-61.0,-33.5,571.9
-60.5,-33.5,622.4
-72.5,-33.0,11.3
-72.0,-33.0,21.7
-71.5,-33.0,38.5
-71.0,-33.0,59.9
-70.5,-33.0,79.4
-70.0,-33.0,94.1
-69.5,-33.0,107.0
-69.0,-33.0,118.5
-68.5,-33.0,127.7
-68.0,-33.0,137.1
-67.5,-33.0,149.5
-67.0,-33.0,167.0
-66.5,-33.0,190.3
-66.0,-33.0,215.4
-65.5,-33.0,237.6
-65.0,-33.0,260.4
-64.5,-33.0,287.6
-64.0,-33.0,318.9
-63.5,-33.0,352.4
-63.0,-33.0,386.5
-62.5,-33.0,421.9
-62.0,-33.0,463.8
-61.5,-33.0,516.4
-61.0,-33.0,577.5
-60.5,-33.0,635.5
-72.5,-32.5,10.8
-72.0,-32.5,21.1
-71.5,-32.5,38.1
-71.0,-32.5,59.9
-70.5,-32.5,79.7
-70.0,-32.5,94.1
-69.5,-32.5,103.8
-69.0,-32.5,109.5
-68.5,-32.5,113.3
-68.0,-32.5,118.4
-67.5,-32.5,126.9
-67.0,-32.5,139.7
-66.5,-32.5,158.5
-66.0,-32.5,182.7
-65.5,-32.5,209.0
-65.0,-32.5,236.4
-64.5,-32.5,266.7
-64.0,-32.5,300.4
-63.5,-32.5,336.8
-63.0,-32.5,375.6
-62.5,-32.5,417.5
-62.0,-32.5,466.6
-61.5,-32.5,528.3
-61.0,-32.5,597.7
-72.5,-32.0,10.6
-72.0,-32.0,20.5
-71.5,-32.0,38.0
-71.0,-32.0,60.9
-70.5,-32.0,81.6
-70.0,-32.0,95.8
-69.5,-32.0,102.4
-69.0,-32.0,103.0
-68.5,-32.0,102.1
-68.0,-32.0,103.9
-67.5,-32.0,109.3
-67.0,-32.0,118.6
-66.5,-32.0,133.4
-66.0,-32.0,155.9
-65.5,-32.0,184.6
-65.0,-32.0,215.9
-64.5,-32.0,249.5
-64.0,-32.0,286.1
-63.5,-32.0,326.6
-63.0,-32.0,373.5
-62.5,-32.0,427.5
-62.0,-32.0,487.0
-61.5,-32.0,555.5
-61.0,-32.0,629.3
-72.5,-31.5,10.1
-72.0,-31.5,19.6
-71.5,-31.5,37.6
-71.0,-31.5,61.8
-70.5,-31.5,83.4
-70.0,-31.5,97.2
-69.5,-31.5,101.2
-69.0,-31.5,98.2
-68.5,-31.5,95.1
-68.0,-31.5,95.5
-67.5,-31.5,98.5
-67.0,-31.5,104.8
-66.5,-31.5,116.7
-66.0,-31.5,137.0
-65.5,-31.5,166.0
-65.0,-31.5,199.9
-64.5,-31.5,236.9
-64.0,-31.5,276.5
-63.5,-31.5,320.5
-63.0,-31.5,375.3
-62.5,-31.5,442.6
-62.0,-31.5,511.7
-61.5,-31.5,582.9
-72.5,-31.0,9.5
-72.0,-31.0,18.6
-71.5,-31.0,36.5
-71.0,-31.0,61.0
-70.5,-31.0,82.5
-70.0,-31.0,95.8
-69.5,-31.0,99.0
-69.0,-31.0,95.3
-68.5,-31.0,92.2
-68.0,-31.0,92.1
-67.5,-31.0,93.7
-67.0,-31.0,98.8
-66.5,-31.0,109.4
-66.0,-31.0,127.7
-65.5,-31.0,154.9
-65.0,-31.0,189.7
-64.5,-31.0,230.1
-64.0,-31.0,274.1
-63.5,-31.0,322.4
-63.0,-31.0,382.8
-62.5,-31.0,457.0
-62.0,-31.0,529.8
-61.5,-31.0,599.3
-72.5,-30.5,9.0
-72.0,-30.5,17.7
-71.5,-30.5,34.8
-71.0,-30.5,58.5
-70.5,-30.5,79.2
-70.0,-30.5,91.6
-69.5,-30.5,95.3
-69.0,-30.5,93.3
-68.5,-30.5,90.7
-68.0,-30.5,90.0
-67.5,-30.5,92.1
-67.0,-30.5,97.9
-66.5,-30.5,108.1
-66.0,-30.5,124.7
-65.5,-30.5,150.3
-65.0,-30.5,185.6
-64.5,-30.5,229.9
-64.0,-30.5,279.9
-63.5,-30.5,335.4
-63.0,-30.5,401.5
-62.5,-30.5,476.7
-62.0,-30.5,547.6
-72.5,-30.0,8.6
-72.0,-30.0,16.5
-71.5,-30.0,32.5
-71.0,-30.0,55.4
-70.5,-30.0,75.6
-70.0,-30.0,87.2
-69.5,-30.0,91.3
-69.0,-30.0,91.2
-68.5,-30.0,89.6
-68.0,-30.0,89.6
-67.5,-30.0,93.5
-67.0,-30.0,100.3
-66.5,-30.0,109.7
-66.0,-30.0,124.8
-65.5,-30.0,149.1
-65.0,-30.0,186.1
-64.5,-30.0,235.7
-64.0,-30.0,293.1
-63.5,-30.0,356.7
-63.0,-30.0,428.2
-62.5,-30.0,501.7
-62.0,-30.0,567.2
-72.5,-29.5,8.0
-72.0,-29.5,15.1
-71.5,-29.5,29.5
-71.0,-29.5,51.5
-70.5,-29.5,72.1
-70.0,-29.5,83.9
-69.5,-29.5,88.2
-69.0,-29.5,88.8
-68.5,-29.5,88.7
-68.0,-29.5,90.9
-67.5,-29.5,96.6
-67.0,-29.5,103.9
-66.5,-29.5,113.1
-66.0,-29.5,126.9
-65.5,-29.5,149.0
-65.0,-29.5,186.9
-64.5,-29.5,242.0
-64.0,-29.5,308.2
-63.5,-29.5,379.4
-63.0,-29.5,453.6
-62.5,-29.5,523.0
-62.0,-29.5,580.9
-72.0,-29.0,13.1
-71.5,-29.0,25.5
-71.0,-29.0,45.7
-70.5,-29.0,67.3
-70.0,-29.0,81.2
-69.5,-29.0,86.2
-69.0,-29.0,87.3
-68.5,-29.0,88.6
-68.0,-29.0,92.8
-67.5,-29.0,99.9
-67.0,-29.0,108.3
-66.5,-29.0,119.1
-66.0,-29.0,133.1
-65.5,-29.0,153.6
-65.0,-29.0,190.1
-64.5,-29.0,247.8
-64.0,-29.0,320.7
-63.5,-29.0,397.4
-63.0,-29.0,472.1
-62.5,-29.0,536.8
-62.0,-29.0,588.9
-72.0,-28.5,10.9
-71.5,-28.5,20.8
-71.0,-28.5,38.5
-70.5,-28.5,60.9
-70.0,-28.5,78.2
-69.5,-28.5,85.4
-69.0,-28.5,87.2
-68.5,-28.5,89.5
-68.0,-28.5,95.4
-67.5,-28.5,103.7
-67.0,-28.5,114.4
-66.5,-28.5,128.6
-66.0,-28.5,145.4
-65.5,-28.5,167.6
-65.0,-28.5,203.2
-64.5,-28.5,261.2
-64.0,-28.5,337.5
-63.5,-28.5,416.2
-63.0,-28.5,489.2
-62.5,-28.5,549.5
-62.0,-28.5,597.2
-72.0,-28.0,8.9
-71.5,-28.0,16.9
-71.0,-28.0,32.1
-70.5,-28.0,54.5
-70.0,-28.0,74.8
-69.5,-28.0,84.9
-69.0,-28.0,88.0
-68.5,-28.0,91.3
-68.0,-28.0,98.3
-67.5,-28.0,107.5
-67.0,-28.0,120.6
-66.5,-28.0,138.8
-66.0,-28.0,160.8
-65.5,-28.0,188.5
-65.0,-28.0,226.1
-64.5,-28.0,284.7
-64.0,-28.0,361.4
-63.5,-28.0,439.2
-63.0,-28.0,508.7
-62.5,-28.0,562.8
-62.0,-28.0,605.1
-71.5,-27.5,14.2
-71.0,-27.5,27.5
-70.5,-27.5,49.2
-70.0,-27.5,71.3
-69.5,-27.5,84.2
-69.0,-27.5,89.3
-68.5,-27.5,94.0
-68.0,-27.5,101.5
-67.5,-27.5,110.7
-67.0,-27.5,125.6
-66.5,-27.5,148.3
-66.0,-27.5,177.1
-65.5,-27.5,212.0
-65.0,-27.5,254.3
-64.5,-27.5,311.8
-64.0,-27.5,383.9
-63.5,-27.5,459.5
-63.0,-27.5,526.4
-62.5,-27.5,574.5
-71.5,-27.0,12.4
-71.0,-27.0,24.3
-70.5,-27.0,45.1
-70.0,-27.0,68.0
-69.5,-27.0,82.7
-69.0,-27.0,89.7
-68.5,-27.0,95.5
-68.0,-27.0,103.1
-67.5,-27.0,112.2
-67.0,-27.0,128.1
-66.5,-27.0,155.9
-66.0,-27.0,191.3
-65.5,-27.0,231.4
-65.0,-27.0,278.3
-64.5,-27.0,335.4
-64.0,-27.0,402.4
-63.5,-27.0,474.8
-63.0,-27.0,539.2
-62.5,-27.0,584.0
-62.0,-27.0,619.1
-71.5,-26.5,11.2
-71.0,-26.5,22.0
-70.5,-26.5,41.7
-70.0,-26.5,64.2
-69.5,-26.5,79.7
-69.0,-26.5,87.9
-68.5,-26.5,94.0
-68.0,-26.5,101.5
-67.5,-26.5,111.4
-67.0,-26.5,128.7
-66.5,-26.5,159.9
-66.0,-26.5,199.3
-65.5,-26.5,242.4
-65.0,-26.5,292.9
-64.5,-26.5,353.0
-64.0,-26.5,419.9
-63.5,-26.5,488.4
-63.0,-26.5,547.5
-62.5,-26.5,590.3
-62.0,-26.5,625.6
-71.5,-26.0,10.6
-71.0,-26.0,21.0
-70.5,-26.0,39.3
-70.0,-26.0,60.4
-69.5,-26.0,76.3
-69.0,-26.0,85.3
-68.5,-26.0,91.5
-68.0,-26.0,99.3
-67.5,-26.0,111.1
-67.0,-26.0,131.2
-66.5,-26.0,162.9
-66.0,-26.0,202.7
-65.5,-26.0,248.3
-65.0,-26.0,300.8
-64.5,-26.0,362.9
-64.0,-26.0,432.5
-63.5,-26.0,499.6
-63.0,-26.0,552.9
-62.5,-26.0,591.8
-62.0,-26.0,627.8
-71.5,-25.5,10.8
-71.0,-25.5,21.4
-70.5,-25.5,38.0
-70.0,-25.5,57.4
-69.5,-25.5,73.2
-69.0,-25.5,83.1
-68.5,-25.5,89.7
-68.0,-25.5,98.4
-67.5,-25.5,112.7
-67.0,-25.5,135.6
-66.5,-25.5,166.5
-66.0,-25.5,204.6
-65.5,-25.5,252.3
-65.0,-25.5,306.1
-64.5,-25.5,367.4
-64.0,-25.5,438.2
-63.5,-25.5,506.8
-63.0,-25.5,558.0
-62.5,-25.5,593.9
-71.5,-25.0,10.9
-71.0,-25.0,21.2
-70.5,-25.0,36.4
-70.0,-25.0,54.3
-69.5,-25.0,70.2
-69.0,-25.0,81.0
-68.5,-25.0,88.5
-68.0,-25.0,98.5
-67.5,-25.0,115.4
-67.0,-25.0,139.7
-66.5,-25.0,170.4
-66.0,-25.0,208.4
-65.5,-25.0,255.4
-65.0,-25.0,309.4
-64.5,-25.0,371.8
-64.0,-25.0,442.5
-63.5,-25.0,510.5
-63.0,-25.0,562.5
-62.5,-25.0,600.3
-71.0,-24.5,19.9
-70.5,-24.5,33.9
-70.0,-24.5,50.9
-69.5,-24.5,67.3
-69.0,-24.5,79.0
-68.5,-24.5,87.5
-68.0,-24.5,98.5
-67.5,-24.5,117.2
-67.0,-24.5,143.4
-66.5,-24.5,176.2
-66.0,-24.5,214.8
-65.5,-24.5,258.2
-65.0,-24.5,311.2
-64.5,-24.5,377.5
-64.0,-24.5,449.0
-63.5,-24.5,514.3
-63.0,-24.5,566.6
-71.0,-24.0,18.1
-70.5,-24.0,31.4
-70.0,-24.0,48.0
-69.5,-24.0,64.8
-69.0,-24.0,77.5
-68.5,-24.0,86.8
-68.0,-24.0,98.5
-67.5,-24.0,118.4
-67.0,-24.0,146.7
-66.5,-24.0,181.6
-66.0,-24.0,220.7
-65.5,-24.0,263.9
-65.0,-24.0,318.1
-64.5,-24.0,385.1
-64.0,-24.0,454.4
-63.5,-24.0,517.9
-63.0,-24.0,571.6
-71.0,-23.5,16.7
-70.5,-23.5,29.3
-70.0,-23.5,45.7
-69.5,-23.5,63.2
-69.0,-23.5,76.7
-68.5,-23.5,86.9
-68.0,-23.5,99.8
-67.5,-23.5,121.1
-67.0,-23.5,150.9
-66.5,-23.5,186.5
-66.0,-23.5,226.7
-65.5,-23.5,273.2
-65.0,-23.5,328.6
-64.5,-23.5,391.0
-64.0,-23.5,456.3
-63.5,-23.5,520.7
-71.0,-23.0,15.7
-70.5,-23.0,27.7
-70.0,-23.0,44.1
-69.5,-23.0,62.5
-69.0,-23.0,77.0
-68.5,-23.0,88.2
-68.0,-23.0,102.8
-67.5,-23.0,125.9
-67.0,-23.0,156.1
-66.5,-23.0,191.3
-66.0,-23.0,232.4
-65.5,-23.0,280.5
-65.0,-23.0,332.9
-64.5,-23.0,389.5
-64.0,-23.0,454.2
-63.5,-23.0,522.2
-71.0,-22.5,14.8
-70.5,-22.5,26.4
-70.0,-22.5,43.3
-69.5,-22.5,62.5
-69.0,-22.5,77.9
-68.5,-22.5,90.4
-68.0,-22.5,106.7
-67.5,-22.5,131.1
-67.0,-22.5,161.0
-66.5,-22.5,195.1
-66.0,-22.5,234.8
-65.5,-22.5,280.0
-65.0,-22.5,327.6
-64.5,-22.5,382.2
-64.0,-22.5,449.9
-63.5,-22.5,521.0
-71.0,-22.0,14.2
-70.5,-22.0,25.8
-70.0,-22.0,43.3
-69.5,-22.0,63.3
-69.0,-22.0,79.5
-68.5,-22.0,92.8
-68.0,-22.0,110.5
-67.5,-22.0,135.7
-67.0,-22.0,165.4
-66.5,-22.0,198.3
-66.0,-22.0,234.9
-65.5,-22.0,275.4
-65.0,-22.0,319.6
-64.5,-22.0,374.1
-64.0,-22.0,443.5
-63.5,-22.0,514.5
-63.0,-22.0,572.4
-71.0,-21.5,14.0
-70.5,-21.5,26.0
-70.0,-21.5,43.9
-69.5,-21.5,64.6
-69.0,-21.5,81.5
-68.5,-21.5,95.4
-68.0,-21.5,114.3
-67.5,-21.5,140.6
-67.0,-21.5,170.8
-66.5,-21.5,202.6
-66.0,-21.5,236.4
-65.5,-21.5,273.9
-65.0,-21.5,316.4
-64.5,-21.5,368.7
-64.0,-21.5,435.1
-63.5,-21.5,503.2
-63.0,-21.5,558.6
-71.0,-21.0,14.2
-70.5,-21.0,26.9
-70.0,-21.0,45.4
-69.5,-21.0,66.3
-69.0,-21.0,83.6
-68.5,-21.0,98.5
-68.0,-21.0,119.1
-67.5,-21.0,147.2
-67.0,-21.0,178.4
-66.5,-21.0,208.9
-66.0,-21.0,240.9
-65.5,-21.0,277.5
-65.0,-21.0,319.4
-64.5,-21.0,368.8
-64.0,-21.0,429.9
-63.5,-21.0,494.7
-63.0,-21.0,549.3
-71.0,-20.5,15.6
-70.5,-20.5,29.1
-70.0,-20.5,48.3
-69.5,-20.5,69.0
-69.0,-20.5,86.3
-68.5,-20.5,102.8
-68.0,-20.5,126.2
-67.5,-20.5,156.5
-67.0,-20.5,188.0
-66.5,-20.5,217.2
-66.0,-20.5,249.2
-65.5,-20.5,287.8
-65.0,-20.5,331.2
-64.5,-20.5,379.6
-64.0,-20.5,436.5
-63.5,-20.5,498.0
-63.0,-20.5,553.2
-71.0,-20.0,18.4
-70.5,-20.0,32.9
-70.0,-20.0,52.6
-69.5,-20.0,73.0
-69.0,-20.0,90.5
-68.5,-20.0,109.7
-68.0,-20.0,136.6
-67.5,-20.0,168.3
-67.0,-20.0,199.0
-66.5,-20.0,228.3
-66.0,-20.0,263.5
-65.5,-20.0,307.4
-65.0,-20.0,355.8
-64.5,-20.0,407.0
-64.0,-20.0,461.6
-63.5,-20.0,518.0
-63.0,-20.0,570.1
-71.5,-19.5,12.3
-71.0,-19.5,22.7
-70.5,-19.5,38.6
-70.0,-19.5,58.7
-69.5,-19.5,78.8
-69.0,-19.5,96.9
-68.5,-19.5,119.3
-68.0,-19.5,149.3
-67.5,-19.5,181.1
-67.0,-19.5,211.2
-66.5,-19.5,242.6
-66.0,-19.5,283.4
-65.5,-19.5,333.5
-65.0,-19.5,387.6
-64.5,-19.5,443.7
-64.0,-19.5,498.2
-63.5,-19.5,548.6
-63.0,-19.5,593.1
-72.0,-19.0,9.3
-71.5,-19.0,16.6
-71.0,-19.0,29.2
-70.5,-19.0,46.9
-70.0,-19.0,67.3
-69.5,-19.0,86.5
-69.0,-19.0,105.2
-68.5,-19.0,129.8
-68.0,-19.0,160.8
-67.5,-19.0,192.6
-67.0,-19.0,223.4
-66.5,-19.0,256.7
-66.0,-19.0,300.8
-65.5,-19.0,355.7
-65.0,-19.0,414.7
-64.5,-19.0,473.6
-64.0,-19.0,528.2
-63.5,-19.0,574.3
-72.0,-18.5,14.1
-71.5,-18.5,23.9
-71.0,-18.5,39.1
-70.5,-18.5,58.3
-70.0,-18.5,77.6
-69.5,-18.5,95.5
-69.0,-18.5,114.9
-68.5,-18.5,140.7
-68.0,-18.5,171.3
-67.5,-18.5,203.4
-67.0,-18.5,235.4
-66.5,-18.5,269.8
-66.0,-18.5,315.8
-65.5,-18.5,373.9
-65.0,-18.5,434.0
-64.5,-18.5,491.3
-64.0,-18.5,544.9
-63.5,-18.5,590.0
-73.0,-18.0,9.3
-72.5,-18.0,14.6
-72.0,-18.0,23.5
-71.5,-18.0,36.8
-71.0,-18.0,54.0
-70.5,-18.0,72.4
-70.0,-18.0,89.2
-69.5,-18.0,106.1
-69.0,-18.0,126.4
-68.5,-18.0,152.4
-68.0,-18.0,182.9
-67.5,-18.0,215.9
-67.0,-18.0,248.4
-66.5,-18.0,284.8
-66.0,-18.0,334.2
-65.5,-18.0,393.3
-65.0,-18.0,450.1
-64.5,-18.0,503.5
-64.0,-18.0,555.4
-73.5,-17.5,10.7
-73.0,-17.5,16.5
-72.5,-17.5,25.9
-72.0,-17.5,39.7
-71.5,-17.5,56.4
-71.0,-17.5,73.3
-70.5,-17.5,88.5
-70.0,-17.5,103.1
-69.5,-17.5,119.8
-69.0,-17.5,140.2
-68.5,-17.5,165.4
-68.0,-17.5,196.4
-67.5,-17.5,230.5
-67.0,-17.5,264.0
-66.5,-17.5,302.5
-66.0,-17.5,352.9
-65.5,-17.5,410.1
-65.0,-17.5,464.1
-64.5,-17.5,516.0
-64.0,-17.5,566.0
-74.0,-17.0,12.7
-73.5,-17.0,19.7
-73.0,-17.0,29.9
-72.5,-17.0,43.9
-72.0,-17.0,61.2
-71.5,-17.0,79.1
-71.0,-17.0,94.8
-70.5,-17.0,108.0
-70.0,-17.0,121.8
-69.5,-17.0,138.8
-69.0,-17.0,158.6
-68.5,-17.0,182.7
-68.0,-17.0,214.2
-67.5,-17.0,249.0
-67.0,-17.0,284.1
-66.5,-17.0,325.3
-66.0,-17.0,374.3
-65.5,-17.0,427.6
-65.0,-17.0,481.5
-64.5,-17.0,533.2
-64.0,-17.0,579.7
-75.0,-16.5,9.1
-74.5,-16.5,14.8
-74.0,-16.5,23.7
-73.5,-16.5,35.9
-73.0,-16.5,49.8
-72.5,-16.5,65.1
-72.0,-16.5,82.4
-71.5,-16.5,100.6
-71.0,-16.5,117.5
-70.5,-16.5,132.4
-70.0,-16.5,147.7
-69.5,-16.5,164.9
-69.0,-16.5,184.6
-68.5,-16.5,209.7
-68.0,-16.5,242.0
-67.5,-16.5,276.3
-67.0,-16.5,310.1
-66.5,-16.5,350.3
-66.0,-16.5,399.1
-65.5,-16.5,451.8
-65.0,-16.5,504.9
-64.5,-16.5,553.4
-75.5,-16.0,9.6
-75.0,-16.0,16.8
-74.5,-16.0,27.6
-74.0,-16.0,41.6
-73.5,-16.0,56.4
-73.0,-16.0,69.2
-72.5,-16.0,81.3
-72.0,-16.0,97.3
-71.5,-16.0,117.6
-71.0,-16.0,138.7
-70.5,-16.0,158.7
-70.0,-16.0,178.0
-69.5,-16.0,198.5
-69.0,-16.0,222.9
-68.5,-16.0,252.7
-68.0,-16.0,285.7
-67.5,-16.0,318.3
-67.0,-16.0,347.8
-66.5,-16.0,382.7
-66.0,-16.0,431.1
-65.5,-16.0,483.7
-65.0,-16.0,530.7
-64.5,-16.0,572.3
-76.0,-15.5,9.5
-75.5,-15.5,18.0
-75.0,-15.5,31.1
-74.5,-15.5,46.9
-74.0,-15.5,62.2
-73.5,-15.5,74.0
-73.0,-15.5,81.5
-72.5,-15.5,89.0
-72.0,-15.5,103.4
-71.5,-15.5,126.4
-71.0,-15.5,153.3
-70.5,-15.5,180.4
-70.0,-15.5,208.0
-69.5,-15.5,239.0
-69.0,-15.5,274.7
-68.5,-15.5,310.4
-68.0,-15.5,342.8
-67.5,-15.5,373.9
-67.0,-15.5,401.7
-66.5,-15.5,432.3
-66.0,-15.5,473.9
-65.5,-15.5,518.4
-65.0,-15.5,556.2
-64.5,-15.5,592.0
-76.5,-15.0,9.3
-76.0,-15.0,17.4
-75.5,-15.0,31.7
-75.0,-15.0,49.7
-74.5,-15.0,66.0
-74.0,-15.0,77.7
-73.5,-15.0,84.5
-73.0,-15.0,87.1
-72.5,-15.0,90.8
-72.0,-15.0,103.4
-71.5,-15.0,127.1
-71.0,-15.0,158.7
-70.5,-15.0,196.5
-70.0,-15.0,240.8
-69.5,-15.0,289.9
-69.0,-15.0,338.5
-68.5,-15.0,378.0
-68.0,-15.0,409.0
-67.5,-15.0,437.7
-67.0,-15.0,463.8
-66.5,-15.0,489.8
-66.0,-15.0,520.0
-65.5,-15.0,552.3
-65.0,-15.0,584.3
-77.0,-14.5,8.7
-76.5,-14.5,15.7
-76.0,-14.5,28.4
-75.5,-14.5,46.6
-75.0,-14.5,64.9
-74.5,-14.5,77.0
-74.0,-14.5,84.1
-73.5,-14.5,88.5
-73.0,-14.5,89.4
-72.5,-14.5,91.2
-72.0,-14.5,102.2
-71.5,-14.5,125.2
-71.0,-14.5,160.5
-70.5,-14.5,212.9
-70.0,-14.5,281.3
-69.5,-14.5,351.7
-69.0,-14.5,409.5
-68.5,-14.5,449.1
-68.0,-14.5,477.4
-67.5,-14.5,501.3
-67.0,-14.5,522.0
-66.5,-14.5,543.2
-66.0,-14.5,567.3
-77.5,-14.0,7.9
-77.0,-14.0,13.8
-76.5,-14.0,24.9
-76.0,-14.0,41.0
-75.5,-14.0,59.2
-75.0,-14.0,73.3
-74.5,-14.0,80.4
-74.0,-14.0,85.2
-73.5,-14.0,90.0
-73.0,-14.0,92.0
-72.5,-14.0,94.0
-72.0,-14.0,103.9
-71.5,-14.0,126.6
-71.0,-14.0,167.6
-70.5,-14.0,236.2
-70.0,-14.0,327.3
-69.5,-14.0,415.9
-69.0,-14.0,480.3
-68.5,-14.0,519.0
-68.0,-14.0,543.9
-67.5,-14.0,562.4
-67.0,-14.0,578.0
-66.5,-14.0,596.7
-78.0,-13.5,7.4
-77.5,-13.5,12.0
-77.0,-13.5,21.4
-76.5,-13.5,36.2
-76.0,-13.5,53.7
-75.5,-13.5,68.9
-75.0,-13.5,77.4
-74.5,-13.5,80.5
-74.0,-13.5,84.4
-73.5,-13.5,90.2
-73.0,-13.5,94.6
-72.5,-13.5,98.7
-72.0,-13.5,109.4
-71.5,-13.5,135.3
-71.0,-13.5,185.8
-70.5,-13.5,268.4
-70.0,-13.5,376.9
-69.5,-13.5,481.1
-69.0,-13.5,552.4
-68.5,-13.5,592.4
-68.0,-13.5,614.6
-67.5,-13.5,628.8
-78.0,-13.0,11.0
-77.5,-13.0,18.7
-77.0,-13.0,31.6
-76.5,-13.0,48.7
-76.0,-13.0,65.1
-75.5,-13.0,76.1
-75.0,-13.0,80.3
-74.5,-13.0,80.8
-74.0,-13.0,83.0
-73.5,-13.0,88.5
-73.0,-13.0,94.9
-72.5,-13.0,101.7
-72.0,-13.0,116.3
-71.5,-13.0,148.8
-71.0,-13.0,208.9
-70.5,-13.0,304.8
-70.0,-13.0,430.9
-69.5,-13.0,550.6
-69.0,-13.0,631.2
-78.5,-12.5,9.9
-78.0,-12.5,16.9
-77.5,-12.5,28.6
-77.0,-12.5,44.9
-76.5,-12.5,61.9
-76.0,-12.5,75.2
-75.5,-12.5,82.5
-75.0,-12.5,84.3
-74.5,-12.5,83.5
-74.0,-12.5,84.1
-73.5,-12.5,88.1
-73.0,-12.5,94.7
-72.5,-12.5,104.5
-72.0,-12.5,124.5
-71.5,-12.5,162.6
-71.0,-12.5,229.5
-70.5,-12.5,342.8
-70.0,-12.5,491.7
-69.5,-12.5,628.2
-79.0,-12.0,8.0
-78.5,-12.0,14.0
-78.0,-12.0,25.3
-77.5,-12.0,41.6
-77.0,-12.0,59.4
-76.5,-12.0,74.3
-76.0,-12.0,84.0
-75.5,-12.0,88.9
-75.0,-12.0,89.3
-74.5,-12.0,87.3
-74.0,-12.0,87.3
-73.5,-12.0,90.8
-73.0,-12.0,97.9
-72.5,-12.0,112.0
-72.0,-12.0,137.1
-71.5,-12.0,178.9
-71.0,-12.0,255.0
-70.5,-12.0,390.1
-70.0,-12.0,560.8
-79.0,-11.5,10.9
-78.5,-11.5,20.4
-78.0,-11.5,36.3
-77.5,-11.5,55.6
-77.0,-11.5,72.2
-76.5,-11.5,83.4
-76.0,-11.5,89.7
-75.5,-11.5,92.3
-75.0,-11.5,91.7
-74.5,-11.5,89.9
-74.0,-11.5,90.7
-73.5,-11.5,95.3
-73.0,-11.5,106.3
-72.5,-11.5,127.3
-72.0,-11.5,158.4
-71.5,-11.5,207.4
-71.0,-11.5,299.9
-70.5,-11.5,454.3
-70.0,-11.5,636.9
-79.5,-11.0,9.3
-79.0,-11.0,16.4
-78.5,-11.0,30.0
-78.0,-11.0,49.0
-77.5,-11.0,67.9
-77.0,-11.0,81.4
-76.5,-11.0,88.6
-76.0,-11.0,91.9
-75.5,-11.0,92.4
-75.0,-11.0,91.5
-74.5,-11.0,91.7
-74.0,-11.0,95.2
-73.5,-11.0,104.3
-73.0,-11.0,123.2
-72.5,-11.0,153.5
-72.0,-11.0,193.7
-71.5,-11.0,257.4
-71.0,-11.0,370.9
-70.5,-11.0,532.7
-80.0,-10.5,8.4
-79.5,-10.5,14.2
-79.0,-10.5,24.9
-78.5,-10.5,41.6
-78.0,-10.5,60.6
-77.5,-10.5,77.0
-77.0,-10.5,87.1
-76.5,-10.5,91.2
-76.0,-10.5,92.7
-75.5,-10.5,92.7
-75.0,-10.5,92.6
-74.5,-10.5,95.0
-74.0,-10.5,103.6
-73.5,-10.5,122.3
-73.0,-10.5,151.6
-72.5,-10.5,190.9
-72.0,-10.5,242.2
-71.5,-10.5,321.7
-71.0,-10.5,446.5
-70.5,-10.5,603.5
-80.0,-10.0,11.9
-79.5,-10.0,21.1
-79.0,-10.0,35.5
-78.5,-10.0,53.2
-78.0,-10.0,69.9
-77.5,-10.0,83.1
-77.0,-10.0,90.6
-76.5,-10.0,93.2
-76.0,-10.0,94.0
-75.5,-10.0,93.9
-75.0,-10.0,94.9
-74.5,-10.0,101.2
-74.0,-10.0,118.9
-73.5,-10.0,150.9
-73.0,-10.0,189.9
-72.5,-10.0,233.3
-72.0,-10.0,290.4
-71.5,-10.0,375.8
-71.0,-10.0,499.8
-80.5,-9.5,9.3
-80.0,-9.5,16.6
-79.5,-9.5,29.5
-79.0,-9.5,46.8
-78.5,-9.5,63.5
-78.0,-9.5,76.8
-77.5,-9.5,86.6
-77.0,-9.5,92.4
-76.5,-9.5,95.3
-76.0,-9.5,96.6
-75.5,-9.5,96.2
-75.0,-9.5,98.3
-74.5,-9.5,110.1
-74.0,-9.5,140.2
-73.5,-9.5,186.2
-73.0,-9.5,232.1
-72.5,-9.5,277.2
-72.0,-9.5,334.1
-71.5,-9.5,416.4
-71.0,-9.5,535.0
-80.5,-9.0,12.0
-80.0,-9.0,22.2
-79.5,-9.0,38.4
-79.0,-9.0,56.7
-78.5,-9.0,71.5
-78.0,-9.0,81.4
-77.5,-9.0,88.6
-77.0,-9.0,93.6
-76.5,-9.0,97.5
-76.0,-9.0,99.3
-75.5,-9.0,98.7
-75.0,-9.0,101.8
-74.5,-9.0,119.0
-74.0,-9.0,160.2
-73.5,-9.0,217.1
-73.0,-9.0,270.3
-72.5,-9.0,321.2
-72.0,-9.0,377.4
-71.5,-9.0,454.0
-71.0,-9.0,564.5
-81.0,-8.5,8.5
-80.5,-8.5,15.5
-80.0,-8.5,28.8
-79.5,-8.5,47.1
-79.0,-8.5,64.5
-78.5,-8.5,77.2
-78.0,-8.5,85.0
-77.5,-8.5,90.5
-77.0,-8.5,95.1
-76.5,-8.5,98.7
-76.0,-8.5,99.6
-75.5,-8.5,98.9
-75.0,-8.5,104.0
-74.5,-8.5,124.6
-74.0,-8.5,168.9
-73.5,-8.5,228.4
-73.0,-8.5,290.5
-72.5,-8.5,353.1
-72.0,-8.5,413.4
-71.5,-8.5,488.3
-71.0,-8.5,593.3
-81.0,-8.0,10.9
-80.5,-8.0,20.4
-80.0,-8.0,36.6
-79.5,-8.0,54.9
-79.0,-8.0,70.1
-78.5,-8.0,81.4
-78.0,-8.0,88.3
-77.5,-8.0,93.0
-77.0,-8.0,97.0
-76.5,-8.0,99.5
-76.0,-8.0,98.6
-75.5,-8.0,98.0
-75.0,-8.0,105.2
-74.5,-8.0,126.2
-74.0,-8.0,165.4
-73.5,-8.0,221.5
-73.0,-8.0,290.9
-72.5,-8.0,365.1
-72.0,-8.0,436.8
-71.5,-8.0,518.6
-71.0,-8.0,622.7
-81.0,-7.5,14.2
-80.5,-7.5,26.6
-80.0,-7.5,44.4
-79.5,-7.5,60.9
-79.0,-7.5,73.9
-78.5,-7.5,84.5
-78.0,-7.5,91.7
-77.5,-7.5,96.0
-77.0,-7.5,99.7
-76.5,-7.5,101.7
-76.0,-7.5,99.7
-75.5,-7.5,99.6
-75.0,-7.5,108.8
-74.5,-7.5,129.1
-74.0,-7.5,163.7
-73.5,-7.5,219.6
-73.0,-7.5,294.8
-72.5,-7.5,375.3
-72.0,-7.5,456.0
-71.5,-7.5,545.1
-71.0,-7.5,648.1
-81.5,-7.0,9.9
-81.0,-7.0,18.5
-80.5,-7.0,33.4
-80.0,-7.0,51.4
-79.5,-7.0,65.8
-79.0,-7.0,76.9
-78.5,-7.0,86.8
-78.0,-7.0,93.9
-77.5,-7.0,98.4
-77.0,-7.0,101.9
-76.5,-7.0,103.2
-76.0,-7.0,101.8
-75.5,-7.0,104.1
-75.0,-7.0,115.7
-74.5,-7.0,137.9
-74.0,-7.0,175.4
-73.5,-7.0,235.8
-73.0,-7.0,313.6
-72.5,-7.0,394.9
-72.0,-7.0,477.2
-71.5,-7.0,567.0
-81.5,-6.5,12.1
-81.0,-6.5,23.1
-80.5,-6.5,40.1
-80.0,-6.5,57.8
-79.5,-6.5,70.8
-79.0,-6.5,80.5
-78.5,-6.5,88.6
-78.0,-6.5,94.5
-77.5,-6.5,98.7
-77.0,-6.5,101.6
-76.5,-6.5,102.2
-76.0,-6.5,103.4
-75.5,-6.5,110.2
-75.0,-6.5,125.9
-74.5,-6.5,154.3
-74.0,-6.5,201.3
-73.5,-6.5,267.5
-73.0,-6.5,344.5
-72.5,-6.5,423.7
-72.0,-6.5,503.2
-71.5,-6.5,587.4
-81.5,-6.0,14.1
-81.0,-6.0,27.0
-80.5,-6.0,45.7
-80.0,-6.0,63.5
-79.5,-6.0,75.6
-79.0,-6.0,84.3
-78.5,-6.0,90.6
-78.0,-6.0,94.7
-77.5,-6.0,97.6
-77.0,-6.0,98.8
-76.5,-6.0,99.1
-76.0,-6.0,103.7
-75.5,-6.0,117.3
-75.0,-6.0,141.4
-74.5,-6.0,180.0
-74.0,-6.0,236.9
-73.5,-6.0,307.2
-73.0,-6.0,382.8
-72.5,-6.0,459.8
-72.0,-6.0,534.7
-81.5,-5.5,15.2
-81.0,-5.5,29.5
-80.5,-5.5,49.6
-80.0,-5.5,67.6
-79.5,-5.5,79.2
-79.0,-5.5,87.3
-78.5,-5.5,92.5
-78.0,-5.5,95.5
-77.5,-5.5,97.1
-77.0,-5.5,96.6
-76.5,-5.5,96.7
-76.0,-5.5,104.8
-75.5,-5.5,126.2
-75.0,-5.5,161.6
-74.5,-5.5,211.6
-74.0,-5.5,276.2
-73.5,-5.5,349.6
-73.0,-5.5,425.6
-72.5,-5.5,500.3
-72.0,-5.5,570.3
-82.0,-5.0,7.7
-81.5,-5.0,15.4
-81.0,-5.0,30.4
-80.5,-5.0,51.1
-80.0,-5.0,69.2
-79.5,-5.0,80.9
-79.0,-5.0,88.6
-78.5,-5.0,92.9
-78.0,-5.0,95.5
-77.5,-5.0,96.8
-77.0,-5.0,96.0
-76.5,-5.0,96.8
-76.0,-5.0,107.7
-75.5,-5.0,135.3
-75.0,-5.0,180.5
-74.5,-5.0,240.9
-74.0,-5.0,313.4
-73.5,-5.0,392.5
-73.0,-5.0,471.2
-72.5,-5.0,543.8
-82.0,-4.5,7.1
-81.5,-4.5,14.7
-81.0,-4.5,29.8
-80.5,-4.5,50.4
-80.0,-4.5,68.6
-79.5,-4.5,80.8
-79.0,-4.5,88.1
-78.5,-4.5,91.9
-78.0,-4.5,94.0
-77.5,-4.5,95.0
-77.0,-4.5,94.8
-76.5,-4.5,97.3
-76.0,-4.5,109.9
-75.5,-4.5,140.5
-75.0,-4.5,193.2
-74.5,-4.5,263.9
-74.0,-4.5,346.0
-73.5,-4.5,433.1
-73.0,-4.5,516.2
-72.5,-4.5,587.3
-81.5,-4.0,13.3
-81.0,-4.0,27.8
-80.5,-4.0,47.7
-80.0,-4.0,66.2
-79.5,-4.0,78.7
-79.0,-4.0,85.8
-78.5,-4.0,89.7
-78.0,-4.0,92.0
-77.5,-4.0,92.9
-77.0,-4.0,93.8
-76.5,-4.0,97.7
-76.0,-4.0,110.2
-75.5,-4.0,140.8
-75.0,-4.0,199.3
-74.5,-4.0,280.3
-74.0,-4.0,371.6
-73.5,-4.0,465.7
-73.0,-4.0,552.8
-72.5,-4.0,622.7
-81.5,-3.5,11.6
-81.0,-3.5,24.8
-80.5,-3.5,44.2
-80.0,-3.5,63.2
-79.5,-3.5,76.2
-79.0,-3.5,83.8
-78.5,-3.5,88.1
-78.0,-3.5,90.9
-77.5,-3.5,92.8
-77.0,-3.5,95.5
-76.5,-3.5,100.8
-76.0,-3.5,112.7
-75.5,-3.5,142.5
-75.0,-3.5,204.4
-74.5,-3.5,292.4
-74.0,-3.5,388.6
-73.5,-3.5,484.8
-73.0,-3.5,572.1
-72.5,-3.5,641.1
-81.5,-3.0,9.7
-81.0,-3.0,21.4
-80.5,-3.0,40.9
-80.0,-3.0,61.3
-79.5,-3.0,75.8
-79.0,-3.0,84.7
-78.5,-3.0,89.9
-78.0,-3.0,93.6
-77.5,-3.0,97.8
-77.0,-3.0,103.7
-76.5,-3.0,111.3
-76.0,-3.0,124.1
-75.5,-3.0,154.8
-75.0,-3.0,217.7
-74.5,-3.0,305.3
-74.0,-3.0,399.0
-73.5,-3.0,491.1
-73.0,-3.0,574.8
-72.5,-3.0,643.1
-81.5,-2.5,7.9
-81.0,-2.5,18.8
-80.5,-2.5,39.0
-80.0,-2.5,61.4
-79.5,-2.5,78.2
-79.0,-2.5,89.2
-78.5,-2.5,96.9
-78.0,-2.5,104.1
-77.5,-2.5,111.9
-77.0,-2.5,120.8
-76.5,-2.5,131.6
-76.0,-2.5,148.4
-75.5,-2.5,181.9
-75.0,-2.5,242.1
-74.5,-2.5,321.5
-74.0,-2.5,406.8
-73.5,-2.5,491.4
-73.0,-2.5,569.8
-72.5,-2.5,637.2
-81.5,-2.0,6.6
-81.0,-2.0,17.2
-80.5,-2.0,38.1
-80.0,-2.0,62.5
-79.5,-2.0,81.9
-79.0,-2.0,95.7
-78.5,-2.0,108.0
-78.0,-2.0,120.7
-77.5,-2.0,132.7
-77.0,-2.0,144.4
-76.5,-2.0,158.1
-76.0,-2.0,179.1
-75.5,-2.0,214.7
-75.0,-2.0,269.1
-74.5,-2.0,338.0
-74.0,-2.0,413.7
-73.5,-2.0,490.6
-73.0,-2.0,563.7
-72.5,-2.0,629.0
-81.5,-1.5,5.6
-81.0,-1.5,15.0
-80.5,-1.5,35.4
-80.0,-1.5,62.1
-79.5,-1.5,84.3
-79.0,-1.5,100.1
-78.5,-1.5,115.7
-78.0,-1.5,133.0
-77.5,-1.5,150.2
-77.0,-1.5,165.5
-76.5,-1.5,181.2
-76.0,-1.5,204.6
-75.5,-1.5,240.7
-75.0,-1.5,290.5
-74.5,-1.5,351.5
-74.0,-1.5,419.3
-73.5,-1.5,489.5
-73.0,-1.5,557.6
-72.5,-1.5,619.7
-81.0,-1.0,12.3
-80.5,-1.0,30.4
-80.0,-1.0,58.4
-79.5,-1.0,83.7
-79.0,-1.0,100.4
-78.5,-1.0,115.9
-78.0,-1.0,134.3
-77.5,-1.0,154.8
-77.0,-1.0,175.4
-76.5,-1.0,195.0
-76.0,-1.0,220.7
-75.5,-1.0,257.3
-75.0,-1.0,304.4
-74.5,-1.0,360.4
-74.0,-1.0,422.5
-73.5,-1.0,487.4
-73.0,-1.0,551.1
-72.5,-1.0,610.1
-81.0,-0.5,9.5
-80.5,-0.5,24.2
-80.0,-0.5,50.3
-79.5,-0.5,78.3
-79.0,-0.5,97.6
-78.5,-0.5,112.2
-78.0,-0.5,128.6
-77.5,-0.5,148.6
-77.0,-0.5,172.8
-76.5,-0.5,198.3
-76.0,-0.5,228.1
-75.5,-0.5,265.8
-75.0,-0.5,311.6
-74.5,-0.5,364.5
-74.0,-0.5,422.6
-73.5,-0.5,483.3
-73.0,-0.5,543.9
-72.5,-0.5,601.3
-81.0,0.0,7.1
-80.5,0.0,17.8
-80.0,0.0,39.3
-79.5,0.0,67.5
-79.0,0.0,90.6
-78.5,0.0,106.9
-78.0,0.0,122.9
-77.5,0.0,142.4
-77.0,0.0,167.0
-76.5,0.0,195.7
-76.0,0.0,228.6
-75.5,0.0,267.5
-75.0,0.0,312.9
-74.5,0.0,363.9
-74.0,0.0,419.3
-73.5,0.0,477.2
-73.0,0.0,535.3
-72.5,0.0,591.5
-80.5,0.5,12.4
-80.0,0.5,28.3
-79.5,0.5,53.3
-79.0,0.5,78.9
-78.5,0.5,99.0
-78.0,0.5,117.4
-77.5,0.5,138.7
-77.0,0.5,162.7
-76.5,0.5,190.7
-76.0,0.5,224.3
-75.5,0.5,263.8
-75.0,0.5,309.0
-74.5,0.5,359.1
-74.0,0.5,412.9
-73.5,0.5,468.9
-73.0,0.5,525.3
-72.5,0.5,580.2
-80.5,1.0,8.4
-80.0,1.0,18.9
-79.5,1.0,38.4
-79.0,1.0,63.6
-78.5,1.0,87.1
-78.0,1.0,107.8
-77.5,1.0,129.8
-77.0,1.0,153.6
-76.5,1.0,180.9
-76.0,1.0,214.9
-75.5,1.0,255.3
-75.0,1.0,300.8
-74.5,1.0,350.5
-74.0,1.0,403.6
-73.5,1.0,458.6
-73.0,1.0,514.2
-72.5,1.0,568.6
-80.0,1.5,11.5
-79.5,1.5,24.5
-79.0,1.5,45.7
-78.5,1.5,70.1
-78.0,1.5,92.3
-77.5,1.5,114.2
-77.0,1.5,138.1
-76.5,1.5,165.7
-76.0,1.5,200.8
-75.5,1.5,242.8
-75.0,1.5,289.1
-74.5,1.5,338.7
-74.0,1.5,391.4
-73.5,1.5,446.4
-73.0,1.5,502.2
-72.5,1.5,556.9
-79.5,2.0,13.7
-79.0,2.0,28.0
-78.5,2.0,49.3
-78.0,2.0,72.8
-77.5,2.0,95.7
-77.0,2.0,120.3
-76.5,2.0,149.2
-76.0,2.0,185.5
-75.5,2.0,228.4
-75.0,2.0,274.7
-74.5,2.0,323.8
-74.0,2.0,376.3
-73.5,2.0,431.8
-73.0,2.0,488.8
-72.5,2.0,545.0
-79.0,2.5,14.9
-78.5,2.5,29.9
-78.0,2.5,52.4
-77.5,2.5,77.8
-77.0,2.5,104.8
-76.5,2.5,136.1
-76.0,2.5,172.9
-75.5,2.5,214.0
-75.0,2.5,258.0
-74.5,2.5,305.5
-74.0,2.5,357.5
-73.5,2.5,414.0
-73.0,2.5,473.3
-72.5,2.5,532.5
-78.5,3.0,16.6
-78.0,3.0,35.1
-77.5,3.0,61.5
-77.0,3.0,91.2
-76.5,3.0,124.5
-76.0,3.0,161.0
-75.5,3.0,199.1
-75.0,3.0,238.9
-74.5,3.0,282.9
-74.0,3.0,333.5
-73.5,3.0,391.2
-73.0,3.0,454.3
-72.5,3.0,518.3
-78.5,3.5,9.8
-78.0,3.5,22.9
-77.5,3.5,47.0
-77.0,3.5,78.4
-76.5,3.5,112.4
-76.0,3.5,147.6
-75.5,3.5,182.3
-75.0,3.5,216.3
-74.5,3.5,254.6
-74.0,3.5,302.0
-73.5,3.5,360.6
-73.0,3.5,428.4
-72.5,3.5,499.4
-78.0,4.0,15.0
-77.5,4.0,35.0
-77.0,4.0,65.9
-76.5,4.0,99.1
-76.0,4.0,131.3
-75.5,4.0,161.6
-75.0,4.0,188.8
-74.5,4.0,218.7
-74.0,4.0,259.9
-73.5,4.0,318.2
-73.0,4.0,390.6
-72.5,4.0,468.5
-78.0,4.5,10.6
-77.5,4.5,25.9
-77.0,4.5,53.6
-76.5,4.5,85.0
-76.0,4.5,112.0
-75.5,4.5,135.2
-75.0,4.5,154.6
-74.5,4.5,174.4
-74.0,4.5,206.6
-73.5,4.5,262.3
-73.0,4.5,337.4
-72.5,4.5,419.2
-78.0,5.0,8.4
-77.5,5.0,20.0
-77.0,5.0,43.8
-76.5,5.0,72.5
-76.0,5.0,94.0
-75.5,5.0,109.0
-75.0,5.0,119.8
-74.5,5.0,131.0
-74.0,5.0,154.5
-73.5,5.0,203.0
-73.0,5.0,274.7
-72.5,5.0,356.6
-72.0,5.0,440.4
-77.5,5.5,17.3
-77.0,5.5,37.6
-76.5,5.5,63.1
-76.0,5.5,80.7
-75.5,5.5,90.3
-75.0,5.5,95.3
-74.5,5.5,101.3
-74.0,5.5,118.9
-73.5,5.5,157.5
-73.0,5.5,217.5
-72.5,5.5,292.9
-72.0,5.5,379.6
-78.0,6.0,8.1
-77.5,6.0,17.1
-77.0,6.0,34.7
-76.5,6.0,56.5
-76.0,6.0,70.9
-75.5,6.0,77.3
-75.0,6.0,80.2
-74.5,6.0,85.0
-74.0,6.0,99.5
-73.5,6.0,129.9
-73.0,6.0,177.4
-72.5,6.0,241.9
-78.0,6.5,9.8
-77.5,6.5,19.0
-77.0,6.5,34.6
-76.5,6.5,53.1
-76.0,6.5,65.4
-75.5,6.5,70.0
-75.0,6.5,71.9
-74.5,6.5,76.3
-74.0,6.5,88.6
-73.5,6.5,113.2
-73.0,6.5,153.2
-78.5,7.0,5.9
-78.0,7.0,12.6
-77.5,7.0,22.3
-77.0,7.0,36.0
-76.5,7.0,51.8
-76.0,7.0,63.3
-75.5,7.0,67.6
-75.0,7.0,69.0
-74.5,7.0,72.3
-74.0,7.0,82.2
-73.5,7.0,103.0
-73.0,7.0,140.0
-72.5,7.0,197.8
-77.5,7.5,24.7
-77.0,7.5,36.8
-76.5,7.5,50.3
-76.0,7.5,61.1
-75.5,7.5,66.0
-75.0,7.5,67.6
-74.5,7.5,70.3
-74.0,7.5,78.8
-73.5,7.5,97.8
-73.0,7.5,133.7
-72.5,7.5,192.5
-76.5,8.0,47.7
-76.0,8.0,57.7
-75.5,8.0,63.3
-75.0,8.0,66.1
-74.5,8.0,69.2
-74.0,8.0,77.0
-73.5,8.0,95.0
-73.0,8.0,129.8
-72.5,8.0,188.3
-76.5,8.5,44.4
-76.0,8.5,53.1
-75.5,8.5,59.4
-75.0,8.5,64.1
-74.5,8.5,68.5
-74.0,8.5,76.5
-73.5,8.5,93.2
-73.0,8.5,125.6
-72.5,8.5,181.0
-76.0,9.0,48.8
-75.5,9.0,55.5
-75.0,9.0,61.6
-74.5,9.0,67.7
-74.0,9.0,76.6
-73.5,9.0,91.6
-73.0,9.0,119.9
-72.5,9.0,169.5
-75.0,9.5,59.6
-74.5,9.5,67.1
-74.0,9.5,76.7
-73.5,9.5,89.7
-73.0,9.5,113.7
-72.5,9.5,157.5
-74.5,10.0,67.1
-74.0,10.0,76.5
-73.5,10.0,87.8
-73.0,10.0,108.3
-72.5,10.0,147.7
-73.5,10.5,88.2
-73.0,10.5,106.7
-72.5,10.5,142.8
-72.5,11.0,147.2
