site_code,year,month,day,hour,minute,second,datetime,time_decimal,midpoint_time,value,value_std_dev,nvalue,latitude,longitude,altitude,elevation,intake_height,qcflag
SPO,1975,1,1,0,0,0,1975-01-01T00:00:00Z,1975.0,159080400,328.19,0.13,13,-89.98,-24.8,2820.0,2810.0,10.0,...
SPO,1975,2,1,0,0,0,1975-02-01T00:00:00Z,1975.0849315068492,161758800,328.22,0.07,28,-89.98,-24.8,2820.0,2810.0,10.0,...
SPO,1975,3,1,0,0,0,1975-03-01T00:00:00Z,1975.1616438356164,164178000,328.88,0.14,8,-89.98,-24.8,2820.0,2810.0,10.0,...
SPO,1975,4,1,0,0,0,1975-04-01T00:00:00Z,1975.2465753424656,166856400,-999.99,-99.99,0,-89.98,-24.8,2800.1,2810.0,-9.9,*..
SPO,1975,5,1,0,0,0,1975-05-01T00:00:00Z,1975.3287671232877,169448400,-999.99,-99.99,0,-89.98,-24.8,2800.1,2810.0,-9.9,*..
SPO,1975,6,1,0,0,0,1975-06-01T00:00:00Z,1975.4136986301369,172126800,-999.99,-99.99,0,-89.98,-24.8,2800.1,2810.0,-9.9,*..
SPO,1975,7,1,0,0,0,1975-07-01T00:00:00Z,1975.495890410959,174718800,-999.99,-99.99,0,-89.98,-24.8,2800.1,2810.0,-9.9,*..
SPO,1975,8,1,0,0,0,1975-08-01T00:00:00Z,1975.580821917808,177397200,-999.99,-99.99,0,-89.98,-24.8,2800.1,2810.0,-9.9,*..
SPO,1975,9,1,0,0,0,1975-09-01T00:00:00Z,1975.6657534246576,180075600,-999.99,-99.99,0,-89.98,-24.8,2800.1,2810.0,-9.9,*..
SPO,1975,10,1,0,0,0,1975-10-01T00:00:00Z,1975.7479452054797,182667600,-999.99,-99.99,0,-89.98,-24.8,2800.1,2810.0,-9.9,*..
SPO,1975,11,1,0,0,0,1975-11-01T00:00:00Z,1975.8328767123287,185346000,330.6,0.72,12,-89.98,-24.8,2820.0,2810.0,10.0,...
SPO,1975,12,1,0,0,0,1975-12-01T00:00:00Z,1975.9150684931508,187938000,329.72,0.09,30,-89.98,-24.8,2820.0,2810.0,10.0,...
SPO,1976,1,1,0,0,0,1976-01-01T00:00:00Z,1976.0,190616400,329.44,0.08,31,-89.98,-24.8,2820.0,2810.0,10.0,...
SPO,1976,2,1,0,0,0,1976-02-01T00:00:00Z,1976.084699453552,193294800,329.21,0.13,29,-89.98,-24.8,2820.0,2810.0,10.0,...
SPO,1976,3,1,0,0,0,1976-03-01T00:00:00Z,1976.1639344262296,195800400,329.06,0.13,31,-89.98,-24.8,2820.0,2810.0,10.0,...
SPO,1976,4,1,0,0,0,1976-04-01T00:00:00Z,1976.2486338797817,198478800,329.04,0.04,30,-89.98,-24.8,2820.0,2810.0,10.0,...
SPO,1976,5,1,0,0,0,1976-05-01T00:00:00Z,1976.330601092896,201070800,329.1,0.05,31,-89.98,-24.8,2820.0,2810.0,10.0,...
SPO,1976,6,1,0,0,0,1976-06-01T00:00:00Z,1976.415300546448,203749200,329.33,0.12,30,-89.98,-24.8,2820.0,2810.0,10.0,...
SPO,1976,7,1,0,0,0,1976-07-01T00:00:00Z,1976.4972677595629,206341200,329.69,0.11,31,-89.98,-24.8,2820.0,2810.0,10.0,...
SPO,1976,8,1,0,0,0,1976-08-01T00:00:00Z,1976.5819672131147,209019600,330.13,0.13,31,-89.98,-24.8,2820.0,2810.0,10.0,...
SPO,1976,9,1,0,0,0,1976-09-01T00:00:00Z,1976.6666666666667,211698000,330.48,0.1,30,-89.98,-24.8,2820.0,2810.0,10.0,...
SPO,1976,10,1,0,0,0,1976-10-01T00:00:00Z,1976.7486338797817,214290000,330.52,0.07,31,-89.98,-24.8,2820.0,2810.0,10.0,...
SPO,1976,11,1,0,0,0,1976-11-01T00:00:00Z,1976.8333333333333,216968400,330.6,0.23,29,-89.98,-24.8,2820.0,2810.0,10.0,...
SPO,1976,12,1,0,0,0,1976-12-01T00:00:00Z,1976.915300546448,219560400,330.63,0.12,20,-89.98,-24.8,2820.0,2810.0,10.0,...
SPO,1977,1,1,0,0,0,1977-01-01T00:00:00Z,1977.0,222238800,330.29,0.12,28,-89.98,-24.8,2823.5,2810.0,13.5,...
SPO,1977,2,1,0,0,0,1977-02-01T00:00:00Z,1977.0849315068492,224917200,331.11,0.45,26,-89.98,-24.8,2823.5,2810.0,13.5,...
SPO,1977,3,1,0,0,0,1977-03-01T00:00:00Z,1977.1616438356164,227336400,330.95,0.07,31,-89.98,-24.8,2823.5,2810.0,13.5,...
SPO,1977,4,1,0,0,0,1977-04-01T00:00:00Z,1977.2465753424656,230014800,331.01,0.05,30,-89.98,-24.8,2823.5,2810.0,13.5,...
SPO,1977,5,1,0,0,0,1977-05-01T00:00:00Z,1977.3287671232877,232606800,331.12,0.09,28,-89.98,-24.8,2823.5,2810.0,13.5,...
SPO,1977,6,1,0,0,0,1977-06-01T00:00:00Z,1977.4136986301369,235285200,331.35,0.08,24,-89.98,-24.8,2823.5,2810.0,13.5,...
SPO,1977,7,1,0,0,0,1977-07-01T00:00:00Z,1977.495890410959,237877200,331.63,0.09,31,-89.98,-24.8,2823.5,2810.0,13.5,...
SPO,1977,8,1,0,0,0,1977-08-01T00:00:00Z,1977.580821917808,240555600,331.98,0.08,31,-89.98,-24.8,2823.5,2810.0,13.5,...
SPO,1977,9,1,0,0,0,1977-09-01T00:00:00Z,1977.6657534246576,243234000,332.33,0.1,30,-89.98,-24.8,2823.5,2810.0,13.5,...
SPO,1977,10,1,0,0,0,1977-10-01T00:00:00Z,1977.7479452054797,245826000,332.62,0.12,30,-89.98,-24.8,2823.5,2810.0,13.5,...
SPO,1977,11,1,0,0,0,1977-11-01T00:00:00Z,1977.8328767123287,248504400,332.59,0.11,30,-89.98,-24.8,2823.5,2810.0,13.5,...
SPO,1977,12,1,0,0,0,1977-12-01T00:00:00Z,1977.9150684931508,251096400,332.31,0.1,31,-89.98,-24.8,2823.5,2810.0,13.5,...
SPO,1978,1,1,0,0,0,1978-01-01T00:00:00Z,1978.0,253774800,332.06,0.07,30,-89.98,-24.8,2823.5,2810.0,13.5,...
SPO,1978,2,1,0,0,0,1978-02-01T00:00:00Z,1978.0849315068492,256453200,331.92,0.1,28,-89.98,-24.8,2823.5,2810.0,13.5,...
SPO,1978,3,1,0,0,0,1978-03-01T00:00:00Z,1978.1616438356164,258872400,331.94,0.12,31,-89.98,-24.8,2823.5,2810.0,13.5,...
SPO,1978,4,1,0,0,0,1978-04-01T00:00:00Z,1978.2465753424656,261550800,332.3,0.16,30,-89.98,-24.8,2823.5,2810.0,13.5,...
SPO,1978,5,1,0,0,0,1978-05-01T00:00:00Z,1978.3287671232877,264142800,332.85,0.16,31,-89.98,-24.8,2823.5,2810.0,13.5,...
SPO,1978,6,1,0,0,0,1978-06-01T00:00:00Z,1978.4136986301369,266821200,333.41,0.14,30,-89.98,-24.8,2823.5,2810.0,13.5,...
SPO,1978,7,1,0,0,0,1978-07-01T00:00:00Z,1978.495890410959,269413200,333.82,0.12,31,-89.98,-24.8,2823.5,2810.0,13.5,...
SPO,1978,8,1,0,0,0,1978-08-01T00:00:00Z,1978.580821917808,272091600,334.45,0.29,31,-89.98,-24.8,2823.5,2810.0,13.5,...
SPO,1978,9,1,0,0,0,1978-09-01T00:00:00Z,1978.6657534246576,274770000,334.69,0.08,30,-89.98,-24.8,2823.5,2810.0,13.5,...
SPO,1978,10,1,0,0,0,1978-10-01T00:00:00Z,1978.7479452054797,277362000,334.7,0.08,31,-89.98,-24.8,2823.5,2810.0,13.5,...
SPO,1978,11,1,0,0,0,1978-11-01T00:00:00Z,1978.8328767123287,280040400,334.53,0.08,19,-89.98,-24.8,2823.5,2810.0,13.5,...
SPO,1978,12,1,0,0,0,1978-12-01T00:00:00Z,1978.9150684931508,282632400,-999.99,-99.99,0,-89.98,-24.8,2800.1,2810.0,-9.9,*..
SPO,1980,1,1,0,0,0,1980-01-01T00:00:00Z,1980.0,316846800,336.14,0.1,31,-89.98,-24.8,2823.5,2810.0,13.5,...
SPO,1980,2,1,0,0,0,1980-02-01T00:00:00Z,1980.084699453552,319525200,335.95,0.1,29,-89.98,-24.8,2823.5,2810.0,13.5,...
SPO,1980,3,1,0,0,0,1980-03-01T00:00:00Z,1980.1639344262296,322030800,336.01,0.08,31,-89.98,-24.8,2823.5,2810.0,13.5,...
SPO,1980,4,1,0,0,0,1980-04-01T00:00:00Z,1980.2486338797817,324709200,336.22,0.09,30,-89.98,-24.8,2823.5,2810.0,13.5,...
SPO,1980,5,1,0,0,0,1980-05-01T00:00:00Z,1980.330601092896,327301200,336.58,0.08,31,-89.98,-24.8,2823.5,2810.0,13.5,...
SPO,1980,6,1,0,0,0,1980-06-01T00:00:00Z,1980.415300546448,329979600,336.92,0.23,30,-89.98,-24.8,2823.5,2810.0,13.5,...
SPO,1980,7,1,0,0,0,1980-07-01T00:00:00Z,1980.4972677595629,332571600,337.36,0.07,31,-89.98,-24.8,2823.5,2810.0,13.5,...
SPO,1980,8,1,0,0,0,1980-08-01T00:00:00Z,1980.5819672131147,335250000,337.65,0.09,31,-89.98,-24.8,2823.5,2810.0,13.5,...
SPO,1980,9,1,0,0,0,1980-09-01T00:00:00Z,1980.6666666666667,337928400,337.89,0.08,30,-89.98,-24.8,2823.5,2810.0,13.5,...
SPO,1980,10,1,0,0,0,1980-10-01T00:00:00Z,1980.7486338797817,340520400,338.08,0.06,31,-89.98,-24.8,2823.5,2810.0,13.5,...
SPO,1980,11,1,0,0,0,1980-11-01T00:00:00Z,1980.8333333333333,343198800,338.03,0.06,30,-89.98,-24.8,2823.5,2810.0,13.5,...
SPO,1980,12,1,0,0,0,1980-12-01T00:00:00Z,1980.915300546448,345790800,338.09,0.09,26,-89.98,-24.8,2823.5,2810.0,13.5,...
SPO,1981,1,1,0,0,0,1981-01-01T00:00:00Z,1981.0,348469200,337.85,0.2,31,-89.98,-24.8,2823.5,2810.0,13.5,...
SPO,1981,2,1,0,0,0,1981-02-01T00:00:00Z,1981.0849315068492,351147600,337.92,0.16,27,-89.98,-24.8,2823.5,2810.0,13.5,...
SPO,1981,3,1,0,0,0,1981-03-01T00:00:00Z,1981.1616438356164,353566800,338.08,0.06,31,-89.98,-24.8,2823.5,2810.0,13.5,...
SPO,1981,4,1,0,0,0,1981-04-01T00:00:00Z,1981.2465753424656,356245200,338.1,0.04,29,-89.98,-24.8,2823.5,2810.0,13.5,...
SPO,1981,5,1,0,0,0,1981-05-01T00:00:00Z,1981.3287671232877,358837200,338.24,0.08,30,-89.98,-24.8,2823.5,2810.0,13.5,...
SPO,1981,6,1,0,0,0,1981-06-01T00:00:00Z,1981.4136986301369,361515600,338.52,0.11,30,-89.98,-24.8,2823.5,2810.0,13.5,...
SPO,1981,7,1,0,0,0,1981-07-01T00:00:00Z,1981.495890410959,364107600,338.95,0.15,31,-89.98,-24.8,2823.5,2810.0,13.5,...
SPO,1981,8,1,0,0,0,1981-08-01T00:00:00Z,1981.580821917808,366786000,339.13,0.1,31,-89.98,-24.8,2823.5,2810.0,13.5,...
SPO,1981,9,1,0,0,0,1981-09-01T00:00:00Z,1981.6657534246576,369464400,339.38,0.15,30,-89.98,-24.8,2823.5,2810.0,13.5,...
SPO,1981,10,1,0,0,0,1981-10-01T00:00:00Z,1981.7479452054797,372056400,339.25,0.11,28,-89.98,-24.8,2823.5,2810.0,13.5,...
SPO,1981,11,1,0,0,0,1981-11-01T00:00:00Z,1981.8328767123287,374734800,339.05,0.07,28,-89.98,-24.8,2823.5,2810.0,13.5,...
SPO,1981,12,1,0,0,0,1981-12-01T00:00:00Z,1981.9150684931508,377326800,338.87,0.39,22,-89.98,-24.8,2823.5,2810.0,13.5,...
SPO,1982,1,1,0,0,0,1982-01-01T00:00:00Z,1982.0,380005200,339.69,0.05,13,-89.98,-24.8,2823.5,2810.0,13.5,...
SPO,1982,2,1,0,0,0,1982-02-01T00:00:00Z,1982.0849315068492,382683600,339.62,0.05,28,-89.98,-24.8,2823.5,2810.0,13.5,...
SPO,1982,3,1,0,0,0,1982-03-01T00:00:00Z,1982.1616438356164,385102800,339.53,0.05,31,-89.98,-24.8,2823.5,2810.0,13.5,...
SPO,1982,4,1,0,0,0,1982-04-01T00:00:00Z,1982.2465753424656,387781200,339.1,0.21,30,-89.98,-24.8,2823.5,2810.0,13.5,...
SPO,1982,5,1,0,0,0,1982-05-01T00:00:00Z,1982.3287671232877,390373200,339.32,0.07,31,-89.98,-24.8,2823.5,2810.0,13.5,...
SPO,1982,6,1,0,0,0,1982-06-01T00:00:00Z,1982.4136986301369,393051600,339.35,0.05,22,-89.98,-24.8,2823.5,2810.0,13.5,...
SPO,1982,7,1,0,0,0,1982-07-01T00:00:00Z,1982.495890410959,395643600,339.74,0.08,11,-89.98,-24.8,2823.5,2810.0,13.5,...
SPO,1982,8,1,0,0,0,1982-08-01T00:00:00Z,1982.580821917808,398322000,340.05,0.13,31,-89.98,-24.8,2823.5,2810.0,13.5,...
SPO,1982,9,1,0,0,0,1982-09-01T00:00:00Z,1982.6657534246576,401000400,340.31,0.05,29,-89.98,-24.8,2823.5,2810.0,13.5,...
SPO,1982,10,1,0,0,0,1982-10-01T00:00:00Z,1982.7479452054797,403592400,340.25,0.09,30,-89.98,-24.8,2823.5,2810.0,13.5,...
SPO,1982,11,1,0,0,0,1982-11-01T00:00:00Z,1982.8328767123287,406270800,340.01,0.13,30,-89.98,-24.8,2823.5,2810.0,13.5,...
SPO,1982,12,1,0,0,0,1982-12-01T00:00:00Z,1982.9150684931508,408862800,339.76,0.11,30,-89.98,-24.8,2823.5,2810.0,13.5,...
SPO,1983,1,1,0,0,0,1983-01-01T00:00:00Z,1983.0,411541200,339.56,0.06,31,-89.98,-24.8,2823.5,2810.0,13.5,...
SPO,1983,2,1,0,0,0,1983-02-01T00:00:00Z,1983.0849315068492,414219600,339.48,0.06,28,-89.98,-24.8,2823.5,2810.0,13.5,...
SPO,1983,3,1,0,0,0,1983-03-01T00:00:00Z,1983.1616438356164,416638800,339.55,0.06,31,-89.98,-24.8,2823.5,2810.0,13.5,...
SPO,1983,4,1,0,0,0,1983-04-01T00:00:00Z,1983.2465753424656,419317200,339.91,0.12,28,-89.98,-24.8,2823.5,2810.0,13.5,...
SPO,1983,5,1,0,0,0,1983-05-01T00:00:00Z,1983.3287671232877,421909200,-999.99,-99.99,0,-89.98,-24.8,2800.1,2810.0,-9.9,*..
SPO,1983,6,1,0,0,0,1983-06-01T00:00:00Z,1983.4136986301369,424587600,341.07,0.05,13,-89.98,-24.8,2823.5,2810.0,13.5,...
SPO,1983,7,1,0,0,0,1983-07-01T00:00:00Z,1983.495890410959,427179600,341.3,0.16,30,-89.98,-24.8,2823.5,2810.0,13.5,...
SPO,1983,8,1,0,0,0,1983-08-01T00:00:00Z,1983.580821917808,429858000,342.01,0.17,31,-89.98,-24.8,2823.5,2810.0,13.5,...
SPO,1983,9,1,0,0,0,1983-09-01T00:00:00Z,1983.6657534246576,432536400,342.17,0.06,30,-89.98,-24.8,2823.5,2810.0,13.5,...
SPO,1983,10,1,0,0,0,1983-10-01T00:00:00Z,1983.7479452054797,435128400,342.38,0.13,31,-89.98,-24.8,2823.5,2810.0,13.5,...
SPO,1983,11,1,0,0,0,1983-11-01T00:00:00Z,1983.8328767123287,437806800,342.44,0.07,30,-89.98,-24.8,2823.5,2810.0,13.5,...
SPO,1983,12,1,0,0,0,1983-12-01T00:00:00Z,1983.9150684931508,440398800,342.26,0.09,26,-89.98,-24.8,2823.5,2810.0,13.5,...
SPO,1984,1,1,0,0,0,1984-01-01T00:00:00Z,1984.0,443077200,342.39,0.14,29,-89.98,-24.8,2823.5,2810.0,13.5,...
SPO,1984,2,1,0,0,0,1984-02-01T00:00:00Z,1984.084699453552,445755600,342.44,0.14,29,-89.98,-24.8,2823.5,2810.0,13.5,...
SPO,1984,3,1,0,0,0,1984-03-01T00:00:00Z,1984.1639344262296,448261200,342.45,0.11,31,-89.98,-24.8,2823.5,2810.0,13.5,...
SPO,1984,4,1,0,0,0,1984-04-01T00:00:00Z,1984.2486338797817,450939600,342.46,0.06,30,-89.98,-24.8,2823.5,2810.0,13.5,...
SPO,1984,5,1,0,0,0,1984-05-01T00:00:00Z,1984.330601092896,453531600,342.57,0.05,31,-89.98,-24.8,2823.5,2810.0,13.5,...
SPO,1984,6,1,0,0,0,1984-06-01T00:00:00Z,1984.415300546448,456210000,342.74,0.07,28,-89.98,-24.8,2823.5,2810.0,13.5,...
SPO,1984,7,1,0,0,0,1984-07-01T00:00:00Z,1984.4972677595629,458802000,343.11,0.16,31,-89.98,-24.8,2823.5,2810.0,13.5,...
SPO,1984,8,1,0,0,0,1984-08-01T00:00:00Z,1984.5819672131147,461480400,343.38,0.14,31,-89.98,-24.8,2823.5,2810.0,13.5,...
SPO,1984,9,1,0,0,0,1984-09-01T00:00:00Z,1984.6666666666667,464158800,343.66,0.06,30,-89.98,-24.8,2823.5,2810.0,13.5,...
SPO,1984,10,1,0,0,0,1984-10-01T00:00:00Z,1984.7486338797817,466750800,343.81,0.05,31,-89.98,-24.8,2823.5,2810.0,13.5,...
SPO,1984,11,1,0,0,0,1984-11-01T00:00:00Z,1984.8333333333333,469429200,343.64,0.13,25,-89.98,-24.8,2823.5,2810.0,13.5,...
SPO,1984,12,1,0,0,0,1984-12-01T00:00:00Z,1984.915300546448,472021200,343.42,0.1,14,-89.98,-24.8,2823.5,2810.0,13.5,...
SPO,1985,1,1,0,0,0,1985-01-01T00:00:00Z,1985.0,474699600,343.31,0.1,19,-89.98,-24.8,2823.5,2810.0,13.5,...
SPO,1985,2,1,0,0,0,1985-02-01T00:00:00Z,1985.0849315068492,477378000,343.13,0.12,28,-89.98,-24.8,2823.5,2810.0,13.5,...
SPO,1985,3,1,0,0,0,1985-03-01T00:00:00Z,1985.1616438356164,479797200,343.02,0.09,31,-89.98,-24.8,2823.5,2810.0,13.5,...
SPO,1985,4,1,0,0,0,1985-04-01T00:00:00Z,1985.2465753424656,482475600,343.17,0.13,27,-89.98,-24.8,2823.5,2810.0,13.5,...
SPO,1985,5,1,0,0,0,1985-05-01T00:00:00Z,1985.3287671232877,485067600,343.52,0.11,31,-89.98,-24.8,2823.5,2810.0,13.5,...
SPO,1985,6,1,0,0,0,1985-06-01T00:00:00Z,1985.4136986301369,487746000,343.86,0.12,29,-89.98,-24.8,2823.5,2810.0,13.5,...
SPO,1985,7,1,0,0,0,1985-07-01T00:00:00Z,1985.495890410959,490338000,344.35,0.21,31,-89.98,-24.8,2823.5,2810.0,13.5,...
SPO,1985,8,1,0,0,0,1985-08-01T00:00:00Z,1985.580821917808,493016400,344.84,0.1,31,-89.98,-24.8,2823.5,2810.0,13.5,...
SPO,1985,9,1,0,0,0,1985-09-01T00:00:00Z,1985.6657534246576,495694800,345.16,0.2,30,-89.98,-24.8,2823.5,2810.0,13.5,...
SPO,1985,10,1,0,0,0,1985-10-01T00:00:00Z,1985.7479452054797,498286800,345.28,0.13,31,-89.98,-24.8,2823.5,2810.0,13.5,...
SPO,1985,11,1,0,0,0,1985-11-01T00:00:00Z,1985.8328767123287,500965200,345.34,0.12,29,-89.98,-24.8,2823.5,2810.0,13.5,...
SPO,1985,12,1,0,0,0,1985-12-01T00:00:00Z,1985.9150684931508,503557200,345.04,0.06,31,-89.98,-24.8,2823.5,2810.0,13.5,...
SPO,1986,1,1,0,0,0,1986-01-01T00:00:00Z,1986.0,506235600,344.95,0.04,31,-89.98,-24.8,2823.5,2810.0,13.5,...
SPO,1986,2,1,0,0,0,1986-02-01T00:00:00Z,1986.0849315068492,508914000,344.85,0.07,28,-89.98,-24.8,2823.5,2810.0,13.5,...
SPO,1986,3,1,0,0,0,1986-03-01T00:00:00Z,1986.1616438356164,511333200,344.78,0.07,30,-89.98,-24.8,2823.5,2810.0,13.5,...
SPO,1986,4,1,0,0,0,1986-04-01T00:00:00Z,1986.2465753424656,514011600,344.79,0.04,30,-89.98,-24.8,2823.5,2810.0,13.5,...
SPO,1986,5,1,0,0,0,1986-05-01T00:00:00Z,1986.3287671232877,516603600,344.88,0.08,31,-89.98,-24.8,2823.5,2810.0,13.5,...
SPO,1986,6,1,0,0,0,1986-06-01T00:00:00Z,1986.4136986301369,519282000,345.16,0.12,30,-89.98,-24.8,2823.5,2810.0,13.5,...
SPO,1986,7,1,0,0,0,1986-07-01T00:00:00Z,1986.495890410959,521874000,345.62,0.17,30,-89.98,-24.8,2823.5,2810.0,13.5,...
SPO,1986,8,1,0,0,0,1986-08-01T00:00:00Z,1986.580821917808,524552400,346.0,0.07,31,-89.98,-24.8,2823.5,2810.0,13.5,...
SPO,1986,9,1,0,0,0,1986-09-01T00:00:00Z,1986.6657534246576,527230800,346.31,0.09,30,-89.98,-24.8,2823.5,2810.0,13.5,...
SPO,1986,10,1,0,0,0,1986-10-01T00:00:00Z,1986.7479452054797,529822800,346.52,0.13,31,-89.98,-24.8,2823.5,2810.0,13.5,...
SPO,1986,11,1,0,0,0,1986-11-01T00:00:00Z,1986.8328767123287,532501200,346.27,0.12,28,-89.98,-24.8,2823.5,2810.0,13.5,...
SPO,1986,12,1,0,0,0,1986-12-01T00:00:00Z,1986.9150684931508,535093200,346.11,0.13,30,-89.98,-24.8,2823.5,2810.0,13.5,...
SPO,1987,1,1,0,0,0,1987-01-01T00:00:00Z,1987.0,537771600,346.34,0.07,31,-89.98,-24.8,2823.5,2810.0,13.5,...
SPO,1987,2,1,0,0,0,1987-02-01T00:00:00Z,1987.0849315068492,540450000,346.19,0.08,28,-89.98,-24.8,2823.5,2810.0,13.5,...
SPO,1987,3,1,0,0,0,1987-03-01T00:00:00Z,1987.1616438356164,542869200,346.15,0.07,31,-89.98,-24.8,2823.5,2810.0,13.5,...
SPO,1987,4,1,0,0,0,1987-04-01T00:00:00Z,1987.2465753424656,545547600,346.31,0.07,30,-89.98,-24.8,2823.5,2810.0,13.5,...
SPO,1987,5,1,0,0,0,1987-05-01T00:00:00Z,1987.3287671232877,548139600,346.43,0.1,31,-89.98,-24.8,2823.5,2810.0,13.5,...
SPO,1987,6,1,0,0,0,1987-06-01T00:00:00Z,1987.4136986301369,550818000,346.87,0.17,30,-89.98,-24.8,2823.5,2810.0,13.5,...
SPO,1987,7,1,0,0,0,1987-07-01T00:00:00Z,1987.495890410959,553410000,347.35,0.08,31,-89.98,-24.8,2823.5,2810.0,13.5,...
SPO,1987,8,1,0,0,0,1987-08-01T00:00:00Z,1987.580821917808,556088400,347.86,0.19,31,-89.98,-24.8,2823.5,2810.0,13.5,...
SPO,1987,9,1,0,0,0,1987-09-01T00:00:00Z,1987.6657534246576,558766800,348.31,0.11,29,-89.98,-24.8,2823.5,2810.0,13.5,...
SPO,1987,10,1,0,0,0,1987-10-01T00:00:00Z,1987.7479452054797,561358800,348.52,0.07,31,-89.98,-24.8,2823.5,2810.0,13.5,...
SPO,1987,11,1,0,0,0,1987-11-01T00:00:00Z,1987.8328767123287,564037200,348.55,0.05,27,-89.98,-24.8,2823.5,2810.0,13.5,...
SPO,1987,12,1,0,0,0,1987-12-01T00:00:00Z,1987.9150684931508,566629200,348.5,0.06,16,-89.98,-24.8,2823.5,2810.0,13.5,...
SPO,1988,1,1,0,0,0,1988-01-01T00:00:00Z,1988.0,569307600,348.24,0.14,25,-89.98,-24.8,2823.5,2810.0,13.5,...
SPO,1988,2,1,0,0,0,1988-02-01T00:00:00Z,1988.084699453552,571986000,348.17,0.1,28,-89.98,-24.8,2823.5,2810.0,13.5,...
SPO,1988,3,1,0,0,0,1988-03-01T00:00:00Z,1988.1639344262296,574491600,348.25,0.15,31,-89.98,-24.8,2823.5,2810.0,13.5,...
SPO,1988,4,1,0,0,0,1988-04-01T00:00:00Z,1988.2486338797817,577170000,348.45,0.09,22,-89.98,-24.8,2823.5,2810.0,13.5,...
SPO,1988,5,1,0,0,0,1988-05-01T00:00:00Z,1988.330601092896,579762000,348.47,0.11,31,-89.98,-24.8,2823.5,2810.0,13.5,...
SPO,1988,6,1,0,0,0,1988-06-01T00:00:00Z,1988.415300546448,582440400,348.7,0.1,30,-89.98,-24.8,2823.5,2810.0,13.5,...
SPO,1988,7,1,0,0,0,1988-07-01T00:00:00Z,1988.4972677595629,585032400,349.28,0.44,31,-89.98,-24.8,2823.5,2810.0,13.5,...
SPO,1988,8,1,0,0,0,1988-08-01T00:00:00Z,1988.5819672131147,587710800,350.03,0.16,31,-89.98,-24.8,2823.5,2810.0,13.5,...
SPO,1988,9,1,0,0,0,1988-09-01T00:00:00Z,1988.6666666666667,590389200,350.3,0.13,30,-89.98,-24.8,2823.5,2810.0,13.5,...
SPO,1988,10,1,0,0,0,1988-10-01T00:00:00Z,1988.7486338797817,592981200,350.35,0.09,31,-89.98,-24.8,2823.5,2810.0,13.5,...
SPO,1988,11,1,0,0,0,1988-11-01T00:00:00Z,1988.8333333333333,595659600,350.19,0.17,27,-89.98,-24.8,2823.5,2810.0,13.5,...
SPO,1988,12,1,0,0,0,1988-12-01T00:00:00Z,1988.915300546448,598251600,350.0,0.2,28,-89.98,-24.8,2823.5,2810.0,13.5,...
SPO,1989,1,1,0,0,0,1989-01-01T00:00:00Z,1989.0,600930000,350.34,0.05,22,-89.98,-24.8,2823.5,2810.0,13.5,...
SPO,1989,2,1,0,0,0,1989-02-01T00:00:00Z,1989.0849315068492,603608400,350.32,0.07,28,-89.98,-24.8,2823.5,2810.0,13.5,...
SPO,1989,3,1,0,0,0,1989-03-01T00:00:00Z,1989.1616438356164,606027600,350.26,0.06,31,-89.98,-24.8,2823.5,2810.0,13.5,...
SPO,1989,4,1,0,0,0,1989-04-01T00:00:00Z,1989.2465753424656,608706000,350.36,0.04,30,-89.98,-24.8,2823.5,2810.0,13.5,...
SPO,1989,5,1,0,0,0,1989-05-01T00:00:00Z,1989.3287671232877,611298000,350.5,0.09,31,-89.98,-24.8,2823.5,2810.0,13.5,...
SPO,1989,6,1,0,0,0,1989-06-01T00:00:00Z,1989.4136986301369,613976400,350.78,0.08,30,-89.98,-24.8,2823.5,2810.0,13.5,...
SPO,1989,7,1,0,0,0,1989-07-01T00:00:00Z,1989.495890410959,616568400,351.15,0.16,31,-89.98,-24.8,2823.5,2810.0,13.5,...
SPO,1989,8,1,0,0,0,1989-08-01T00:00:00Z,1989.580821917808,619246800,351.57,0.14,31,-89.98,-24.8,2823.5,2810.0,13.5,...
SPO,1989,9,1,0,0,0,1989-09-01T00:00:00Z,1989.6657534246576,621925200,351.66,0.08,30,-89.98,-24.8,2823.5,2810.0,13.5,...
SPO,1989,10,1,0,0,0,1989-10-01T00:00:00Z,1989.7479452054797,624517200,351.72,0.08,31,-89.98,-24.8,2823.5,2810.0,13.5,...
SPO,1989,11,1,0,0,0,1989-11-01T00:00:00Z,1989.8328767123287,627195600,352.37,0.34,30,-89.98,-24.8,2823.5,2810.0,13.5,...
SPO,1989,12,1,0,0,0,1989-12-01T00:00:00Z,1989.9150684931508,629787600,352.01,0.17,31,-89.98,-24.8,2823.5,2810.0,13.5,...
SPO,1990,1,1,0,0,0,1990-01-01T00:00:00Z,1990.0,632466000,351.84,0.06,15,-89.98,-24.8,2823.5,2810.0,13.5,...
SPO,1990,2,1,0,0,0,1990-02-01T00:00:00Z,1990.0849315068492,635144400,351.49,0.12,23,-89.98,-24.8,2823.5,2810.0,13.5,...
SPO,1990,3,1,0,0,0,1990-03-01T00:00:00Z,1990.1616438356164,637563600,351.56,0.13,31,-89.98,-24.8,2823.5,2810.0,13.5,...
SPO,1990,4,1,0,0,0,1990-04-01T00:00:00Z,1990.2465753424656,640242000,351.6,0.16,30,-89.98,-24.8,2823.5,2810.0,13.5,...
SPO,1990,5,1,0,0,0,1990-05-01T00:00:00Z,1990.3287671232877,642834000,351.5,0.1,30,-89.98,-24.8,2823.5,2810.0,13.5,...
SPO,1990,6,1,0,0,0,1990-06-01T00:00:00Z,1990.4136986301369,645512400,351.75,0.13,30,-89.98,-24.8,2823.5,2810.0,13.5,...
SPO,1990,7,1,0,0,0,1990-07-01T00:00:00Z,1990.495890410959,648104400,352.23,0.15,31,-89.98,-24.8,2823.5,2810.0,13.5,...
SPO,1990,8,1,0,0,0,1990-08-01T00:00:00Z,1990.580821917808,650782800,352.56,0.11,31,-89.98,-24.8,2823.5,2810.0,13.5,...
SPO,1990,9,1,0,0,0,1990-09-01T00:00:00Z,1990.6657534246576,653461200,353.11,0.11,30,-89.98,-24.8,2823.5,2810.0,13.5,...
SPO,1990,10,1,0,0,0,1990-10-01T00:00:00Z,1990.7479452054797,656053200,353.18,0.1,31,-89.98,-24.8,2823.5,2810.0,13.5,...
SPO,1990,11,1,0,0,0,1990-11-01T00:00:00Z,1990.8328767123287,658731600,353.19,0.12,30,-89.98,-24.8,2823.5,2810.0,13.5,...
SPO,1990,12,1,0,0,0,1990-12-01T00:00:00Z,1990.9150684931508,661323600,352.77,0.13,28,-89.98,-24.8,2823.5,2810.0,13.5,...
SPO,1991,1,1,0,0,0,1991-01-01T00:00:00Z,1991.0,664002000,352.69,0.15,29,-89.98,-24.8,2823.5,2810.0,13.5,...
SPO,1991,2,1,0,0,0,1991-02-01T00:00:00Z,1991.0849315068492,666680400,352.42,0.24,26,-89.98,-24.8,2823.5,2810.0,13.5,...
SPO,1991,3,1,0,0,0,1991-03-01T00:00:00Z,1991.1616438356164,669099600,352.11,0.22,28,-89.98,-24.8,2823.5,2810.0,13.5,...
SPO,1991,4,1,0,0,0,1991-04-01T00:00:00Z,1991.2465753424656,671778000,352.32,0.11,29,-89.98,-24.8,2823.5,2810.0,13.5,...
SPO,1991,5,1,0,0,0,1991-05-01T00:00:00Z,1991.3287671232877,674370000,352.58,0.17,31,-89.98,-24.8,2823.5,2810.0,13.5,...
SPO,1991,6,1,0,0,0,1991-06-01T00:00:00Z,1991.4136986301369,677048400,352.93,0.09,30,-89.98,-24.8,2823.5,2810.0,13.5,...
SPO,1991,7,1,0,0,0,1991-07-01T00:00:00Z,1991.495890410959,679640400,353.37,0.14,31,-89.98,-24.8,2823.5,2810.0,13.5,...
SPO,1991,8,1,0,0,0,1991-08-01T00:00:00Z,1991.580821917808,682318800,353.79,0.07,31,-89.98,-24.8,2823.5,2810.0,13.5,...
SPO,1991,9,1,0,0,0,1991-09-01T00:00:00Z,1991.6657534246576,684997200,353.94,0.05,30,-89.98,-24.8,2823.5,2810.0,13.5,...
SPO,1991,10,1,0,0,0,1991-10-01T00:00:00Z,1991.7479452054797,687589200,353.83,0.07,31,-89.98,-24.8,2823.5,2810.0,13.5,...
SPO,1991,11,1,0,0,0,1991-11-01T00:00:00Z,1991.8328767123287,690267600,353.89,0.06,30,-89.98,-24.8,2823.5,2810.0,13.5,...
SPO,1991,12,1,0,0,0,1991-12-01T00:00:00Z,1991.9150684931508,692859600,353.76,0.06,30,-89.98,-24.8,2823.5,2810.0,13.5,...
SPO,1992,1,1,0,0,0,1992-01-01T00:00:00Z,1992.0,695538000,353.48,0.16,31,-89.98,-24.8,2823.5,2810.0,13.5,...
SPO,1992,2,1,0,0,0,1992-02-01T00:00:00Z,1992.084699453552,698216400,353.24,0.22,29,-89.98,-24.8,2823.5,2810.0,13.5,...
SPO,1992,3,1,0,0,0,1992-03-01T00:00:00Z,1992.1639344262296,700722000,353.14,0.17,31,-89.98,-24.8,2823.5,2810.0,13.5,...
SPO,1992,4,1,0,0,0,1992-04-01T00:00:00Z,1992.2486338797817,703400400,353.45,0.16,30,-89.98,-24.8,2823.5,2810.0,13.5,...
SPO,1992,5,1,0,0,0,1992-05-01T00:00:00Z,1992.330601092896,705992400,353.82,0.1,31,-89.98,-24.8,2823.5,2810.0,13.5,...
SPO,1992,6,1,0,0,0,1992-06-01T00:00:00Z,1992.415300546448,708670800,354.22,0.17,30,-89.98,-24.8,2823.5,2810.0,13.5,...
SPO,1992,7,1,0,0,0,1992-07-01T00:00:00Z,1992.4972677595629,711262800,354.67,0.09,31,-89.98,-24.8,2823.5,2810.0,13.5,...
SPO,1992,8,1,0,0,0,1992-08-01T00:00:00Z,1992.5819672131147,713941200,355.05,0.11,31,-89.98,-24.8,2823.5,2810.0,13.5,...
SPO,1992,9,1,0,0,0,1992-09-01T00:00:00Z,1992.6666666666667,716619600,355.42,0.19,30,-89.98,-24.8,2823.5,2810.0,13.5,...
SPO,1992,10,1,0,0,0,1992-10-01T00:00:00Z,1992.7486338797817,719211600,355.51,0.09,26,-89.98,-24.8,2823.5,2810.0,13.5,...
SPO,1992,11,1,0,0,0,1992-11-01T00:00:00Z,1992.8333333333333,721890000,355.36,0.07,30,-89.98,-24.8,2823.5,2810.0,13.5,...
SPO,1992,12,1,0,0,0,1992-12-01T00:00:00Z,1992.915300546448,724482000,355.09,0.1,30,-89.98,-24.8,2823.5,2810.0,13.5,...
SPO,1993,1,1,0,0,0,1993-01-01T00:00:00Z,1993.0,727160400,354.82,0.09,28,-89.98,-24.8,2823.5,2810.0,13.5,...
SPO,1993,2,1,0,0,0,1993-02-01T00:00:00Z,1993.0849315068492,729838800,354.48,0.17,28,-89.98,-24.8,2823.5,2810.0,13.5,...
SPO,1993,3,1,0,0,0,1993-03-01T00:00:00Z,1993.1616438356164,732258000,354.33,0.08,31,-89.98,-24.8,2823.5,2810.0,13.5,...
SPO,1993,4,1,0,0,0,1993-04-01T00:00:00Z,1993.2465753424656,734936400,354.43,0.04,30,-89.98,-24.8,2823.5,2810.0,13.5,...
SPO,1993,5,1,0,0,0,1993-05-01T00:00:00Z,1993.3287671232877,737528400,354.57,0.09,31,-89.98,-24.8,2823.5,2810.0,13.5,...
SPO,1993,6,1,0,0,0,1993-06-01T00:00:00Z,1993.4136986301369,740206800,354.85,0.13,30,-89.98,-24.8,2823.5,2810.0,13.5,...
SPO,1993,7,1,0,0,0,1993-07-01T00:00:00Z,1993.495890410959,742798800,355.4,0.13,31,-89.98,-24.8,2823.5,2810.0,13.5,...
SPO,1993,8,1,0,0,0,1993-08-01T00:00:00Z,1993.580821917808,745477200,355.85,0.11,31,-89.98,-24.8,2823.5,2810.0,13.5,...
SPO,1993,9,1,0,0,0,1993-09-01T00:00:00Z,1993.6657534246576,748155600,356.08,0.05,30,-89.98,-24.8,2823.5,2810.0,13.5,...
SPO,1993,10,1,0,0,0,1993-10-01T00:00:00Z,1993.7479452054797,750747600,356.07,0.06,31,-89.98,-24.8,2823.5,2810.0,13.5,...
SPO,1993,11,1,0,0,0,1993-11-01T00:00:00Z,1993.8328767123287,753426000,356.01,0.07,30,-89.98,-24.8,2823.5,2810.0,13.5,...
SPO,1993,12,1,0,0,0,1993-12-01T00:00:00Z,1993.9150684931508,756018000,355.79,0.07,31,-89.98,-24.8,2823.5,2810.0,13.5,...
SPO,1994,1,1,0,0,0,1994-01-01T00:00:00Z,1994.0,758696400,355.69,0.21,30,-89.98,-24.8,2823.5,2810.0,13.5,...
SPO,1994,2,1,0,0,0,1994-02-01T00:00:00Z,1994.0849315068492,761374800,355.63,0.15,28,-89.98,-24.8,2823.5,2810.0,13.5,...
SPO,1994,3,1,0,0,0,1994-03-01T00:00:00Z,1994.1616438356164,763794000,355.67,0.05,31,-89.98,-24.8,2823.5,2810.0,13.5,...
SPO,1994,4,1,0,0,0,1994-04-01T00:00:00Z,1994.2465753424656,766472400,355.77,0.05,30,-89.98,-24.8,2823.5,2810.0,13.5,...
SPO,1994,5,1,0,0,0,1994-05-01T00:00:00Z,1994.3287671232877,769064400,355.91,0.05,31,-89.98,-24.8,2823.5,2810.0,13.5,...
SPO,1994,6,1,0,0,0,1994-06-01T00:00:00Z,1994.4136986301369,771742800,356.19,0.14,30,-89.98,-24.8,2823.5,2810.0,13.5,...
SPO,1994,7,1,0,0,0,1994-07-01T00:00:00Z,1994.495890410959,774334800,356.62,0.18,31,-89.98,-24.8,2823.5,2810.0,13.5,...
SPO,1994,8,1,0,0,0,1994-08-01T00:00:00Z,1994.580821917808,777013200,357.42,0.21,31,-89.98,-24.8,2823.5,2810.0,13.5,...
SPO,1994,9,1,0,0,0,1994-09-01T00:00:00Z,1994.6657534246576,779691600,357.8,0.09,30,-89.98,-24.8,2823.5,2810.0,13.5,...
SPO,1994,10,1,0,0,0,1994-10-01T00:00:00Z,1994.7479452054797,782283600,357.84,0.08,31,-89.98,-24.8,2823.5,2810.0,13.5,...
SPO,1994,11,1,0,0,0,1994-11-01T00:00:00Z,1994.8328767123287,784962000,357.81,0.04,28,-89.98,-24.8,2823.5,2810.0,13.5,...
SPO,1994,12,1,0,0,0,1994-12-01T00:00:00Z,1994.9150684931508,787554000,357.65,0.06,30,-89.98,-24.8,2823.5,2810.0,13.5,...
SPO,1995,1,1,0,0,0,1995-01-01T00:00:00Z,1995.0,790232400,357.48,0.09,31,-89.98,-24.8,2823.5,2810.0,13.5,...
SPO,1995,2,1,0,0,0,1995-02-01T00:00:00Z,1995.0849315068492,792910800,357.49,0.12,28,-89.98,-24.8,2823.5,2810.0,13.5,...
SPO,1995,3,1,0,0,0,1995-03-01T00:00:00Z,1995.1616438356164,795330000,357.68,0.09,31,-89.98,-24.8,2823.5,2810.0,13.5,...
SPO,1995,4,1,0,0,0,1995-04-01T00:00:00Z,1995.2465753424656,798008400,357.67,0.08,30,-89.98,-24.8,2823.5,2810.0,13.5,...
SPO,1995,5,1,0,0,0,1995-05-01T00:00:00Z,1995.3287671232877,800600400,357.9,0.08,30,-89.98,-24.8,2823.5,2810.0,13.5,...
SPO,1995,6,1,0,0,0,1995-06-01T00:00:00Z,1995.4136986301369,803278800,358.14,0.11,30,-89.98,-24.8,2823.5,2810.0,13.5,...
SPO,1995,7,1,0,0,0,1995-07-01T00:00:00Z,1995.495890410959,805870800,358.62,0.23,31,-89.98,-24.8,2823.5,2810.0,13.5,...
SPO,1995,8,1,0,0,0,1995-08-01T00:00:00Z,1995.580821917808,808549200,359.05,0.08,31,-89.98,-24.8,2823.5,2810.0,13.5,...
SPO,1995,9,1,0,0,0,1995-09-01T00:00:00Z,1995.6657534246576,811227600,359.38,0.11,30,-89.98,-24.8,2823.5,2810.0,13.5,...
SPO,1995,10,1,0,0,0,1995-10-01T00:00:00Z,1995.7479452054797,813819600,359.57,0.06,31,-89.98,-24.8,2823.5,2810.0,13.5,...
SPO,1995,11,1,0,0,0,1995-11-01T00:00:00Z,1995.8328767123287,816498000,359.62,0.03,30,-89.98,-24.8,2823.5,2810.0,13.5,...
SPO,1995,12,1,0,0,0,1995-12-01T00:00:00Z,1995.9150684931508,819090000,359.61,0.1,30,-89.98,-24.8,2823.5,2810.0,13.5,...
SPO,1996,1,1,0,0,0,1996-01-01T00:00:00Z,1996.0,821768400,359.49,0.09,27,-89.98,-24.8,2823.5,2810.0,13.5,...
SPO,1996,2,1,0,0,0,1996-02-01T00:00:00Z,1996.084699453552,824446800,359.46,0.11,29,-89.98,-24.8,2823.5,2810.0,13.5,...
SPO,1996,3,1,0,0,0,1996-03-01T00:00:00Z,1996.1639344262296,826952400,359.47,0.08,31,-89.98,-24.8,2823.5,2810.0,13.5,...
SPO,1996,4,1,0,0,0,1996-04-01T00:00:00Z,1996.2486338797817,829630800,359.52,0.05,30,-89.98,-24.8,2823.5,2810.0,13.5,...
SPO,1996,5,1,0,0,0,1996-05-01T00:00:00Z,1996.330601092896,832222800,359.69,0.05,31,-89.98,-24.8,2823.5,2810.0,13.5,...
SPO,1996,6,1,0,0,0,1996-06-01T00:00:00Z,1996.415300546448,834901200,359.91,0.09,30,-89.98,-24.8,2823.5,2810.0,13.5,...
SPO,1996,7,1,0,0,0,1996-07-01T00:00:00Z,1996.4972677595629,837493200,360.35,0.16,30,-89.98,-24.8,2823.5,2810.0,13.5,...
SPO,1996,8,1,0,0,0,1996-08-01T00:00:00Z,1996.5819672131147,840171600,360.76,0.11,31,-89.98,-24.8,2823.5,2810.0,13.5,...
SPO,1996,9,1,0,0,0,1996-09-01T00:00:00Z,1996.6666666666667,842850000,360.88,0.03,30,-89.98,-24.8,2823.5,2810.0,13.5,...
SPO,1996,10,1,0,0,0,1996-10-01T00:00:00Z,1996.7486338797817,845442000,360.93,0.07,29,-89.98,-24.8,2823.5,2810.0,13.5,...
SPO,1996,11,1,0,0,0,1996-11-01T00:00:00Z,1996.8333333333333,848120400,360.9,0.05,24,-89.98,-24.8,2823.5,2810.0,13.5,...
SPO,1996,12,1,0,0,0,1996-12-01T00:00:00Z,1996.915300546448,850712400,360.87,0.06,25,-89.98,-24.8,2823.5,2810.0,13.5,...
SPO,1997,1,1,0,0,0,1997-01-01T00:00:00Z,1997.0,853390800,360.73,0.09,20,-89.98,-24.8,2821.28,2810.0,11.28,...
SPO,1997,2,1,0,0,0,1997-02-01T00:00:00Z,1997.0849315068492,856069200,360.57,0.1,28,-89.98,-24.8,2821.28,2810.0,11.28,...
SPO,1997,3,1,0,0,0,1997-03-01T00:00:00Z,1997.1616438356164,858488400,360.6,0.09,31,-89.98,-24.8,2821.28,2810.0,11.28,...
SPO,1997,4,1,0,0,0,1997-04-01T00:00:00Z,1997.2465753424656,861166800,360.85,0.07,30,-89.98,-24.8,2821.28,2810.0,11.28,...
SPO,1997,5,1,0,0,0,1997-05-01T00:00:00Z,1997.3287671232877,863758800,361.01,0.09,29,-89.98,-24.8,2821.28,2810.0,11.28,...
SPO,1997,6,1,0,0,0,1997-06-01T00:00:00Z,1997.4136986301369,866437200,361.37,0.13,30,-89.98,-24.8,2821.28,2810.0,11.28,...
SPO,1997,7,1,0,0,0,1997-07-01T00:00:00Z,1997.495890410959,869029200,361.68,0.12,29,-89.98,-24.8,2821.28,2810.0,11.28,...
SPO,1997,8,1,0,0,0,1997-08-01T00:00:00Z,1997.580821917808,871707600,362.0,0.14,31,-89.98,-24.8,2821.28,2810.0,11.28,...
SPO,1997,9,1,0,0,0,1997-09-01T00:00:00Z,1997.6657534246576,874386000,362.32,0.05,30,-89.98,-24.8,2821.28,2810.0,11.28,...
SPO,1997,10,1,0,0,0,1997-10-01T00:00:00Z,1997.7479452054797,876978000,362.4,0.09,28,-89.98,-24.8,2821.28,2810.0,11.28,...
SPO,1997,11,1,0,0,0,1997-11-01T00:00:00Z,1997.8328767123287,879656400,362.52,0.05,30,-89.98,-24.8,2821.28,2810.0,11.28,...
SPO,1997,12,1,0,0,0,1997-12-01T00:00:00Z,1997.9150684931508,882248400,362.53,0.07,30,-89.98,-24.8,2821.28,2810.0,11.28,...
SPO,1998,1,1,0,0,0,1998-01-01T00:00:00Z,1998.0,884926800,362.46,0.23,30,-89.98,-24.8,2821.28,2810.0,11.28,...
SPO,1998,2,1,0,0,0,1998-02-01T00:00:00Z,1998.0849315068492,887605200,362.59,0.13,26,-89.98,-24.8,2821.28,2810.0,11.28,...
SPO,1998,3,1,0,0,0,1998-03-01T00:00:00Z,1998.1616438356164,890024400,362.71,0.09,31,-89.98,-24.8,2821.28,2810.0,11.28,...
SPO,1998,4,1,0,0,0,1998-04-01T00:00:00Z,1998.2465753424656,892702800,363.03,0.07,30,-89.98,-24.8,2821.28,2810.0,11.28,...
SPO,1998,5,1,0,0,0,1998-05-01T00:00:00Z,1998.3287671232877,895294800,363.35,0.15,31,-89.98,-24.8,2821.28,2810.0,11.28,...
SPO,1998,6,1,0,0,0,1998-06-01T00:00:00Z,1998.4136986301369,897973200,363.84,0.14,30,-89.98,-24.8,2821.28,2810.0,11.28,...
SPO,1998,7,1,0,0,0,1998-07-01T00:00:00Z,1998.495890410959,900565200,364.35,0.2,31,-89.98,-24.8,2821.28,2810.0,11.28,...
SPO,1998,8,1,0,0,0,1998-08-01T00:00:00Z,1998.580821917808,903243600,364.94,0.15,30,-89.98,-24.8,2821.28,2810.0,11.28,...
SPO,1998,9,1,0,0,0,1998-09-01T00:00:00Z,1998.6657534246576,905922000,365.25,0.07,30,-89.98,-24.8,2821.28,2810.0,11.28,...
SPO,1998,10,1,0,0,0,1998-10-01T00:00:00Z,1998.7479452054797,908514000,365.3,0.04,31,-89.98,-24.8,2821.28,2810.0,11.28,...
SPO,1998,11,1,0,0,0,1998-11-01T00:00:00Z,1998.8328767123287,911192400,365.31,0.07,26,-89.98,-24.8,2821.28,2810.0,11.28,...
SPO,1998,12,1,0,0,0,1998-12-01T00:00:00Z,1998.9150684931508,913784400,365.24,0.07,31,-89.98,-24.8,2821.28,2810.0,11.28,...
SPO,1999,1,1,0,0,0,1999-01-01T00:00:00Z,1999.0,916462800,365.18,0.11,31,-89.98,-24.8,2821.28,2810.0,11.28,...
SPO,1999,2,1,0,0,0,1999-02-01T00:00:00Z,1999.0849315068492,919141200,365.09,0.09,28,-89.98,-24.8,2821.28,2810.0,11.28,...
SPO,1999,3,1,0,0,0,1999-03-01T00:00:00Z,1999.1616438356164,921560400,365.0,0.06,31,-89.98,-24.8,2821.28,2810.0,11.28,...
SPO,1999,4,1,0,0,0,1999-04-01T00:00:00Z,1999.2465753424656,924238800,365.17,0.04,30,-89.98,-24.8,2821.28,2810.0,11.28,...
SPO,1999,5,1,0,0,0,1999-05-01T00:00:00Z,1999.3287671232877,926830800,365.38,0.09,31,-89.98,-24.8,2821.28,2810.0,11.28,...
SPO,1999,6,1,0,0,0,1999-06-01T00:00:00Z,1999.4136986301369,929509200,365.72,0.07,30,-89.98,-24.8,2821.28,2810.0,11.28,...
SPO,1999,7,1,0,0,0,1999-07-01T00:00:00Z,1999.495890410959,932101200,366.04,0.11,30,-89.98,-24.8,2821.28,2810.0,11.28,...
SPO,1999,8,1,0,0,0,1999-08-01T00:00:00Z,1999.580821917808,934779600,366.43,0.13,31,-89.98,-24.8,2821.28,2810.0,11.28,...
SPO,1999,9,1,0,0,0,1999-09-01T00:00:00Z,1999.6657534246576,937458000,366.69,0.05,29,-89.98,-24.8,2821.28,2810.0,11.28,...
SPO,1999,10,1,0,0,0,1999-10-01T00:00:00Z,1999.7479452054797,940050000,366.83,0.1,31,-89.98,-24.8,2821.28,2810.0,11.28,...
SPO,1999,11,1,0,0,0,1999-11-01T00:00:00Z,1999.8328767123287,942728400,366.94,0.03,29,-89.98,-24.8,2821.28,2810.0,11.28,...
SPO,1999,12,1,0,0,0,1999-12-01T00:00:00Z,1999.9150684931508,945320400,366.84,0.09,30,-89.98,-24.8,2821.28,2810.0,11.28,...
SPO,2000,1,1,0,0,0,2000-01-01T00:00:00Z,2000.0,947998800,366.69,0.1,31,-89.98,-24.8,2821.28,2810.0,11.28,...
SPO,2000,2,1,0,0,0,2000-02-01T00:00:00Z,2000.084699453552,950677200,366.52,0.08,24,-89.98,-24.8,2821.28,2810.0,11.28,...
SPO,2000,3,1,0,0,0,2000-03-01T00:00:00Z,2000.1639344262296,953182800,366.42,0.04,23,-89.98,-24.8,2821.28,2810.0,11.28,...
SPO,2000,4,1,0,0,0,2000-04-01T00:00:00Z,2000.2486338797817,955861200,366.5,0.06,30,-89.98,-24.8,2821.28,2810.0,11.28,...
SPO,2000,5,1,0,0,0,2000-05-01T00:00:00Z,2000.330601092896,958453200,366.62,0.08,31,-89.98,-24.8,2821.28,2810.0,11.28,...
SPO,2000,6,1,0,0,0,2000-06-01T00:00:00Z,2000.415300546448,961131600,366.91,0.14,30,-89.98,-24.8,2821.28,2810.0,11.28,...
SPO,2000,7,1,0,0,0,2000-07-01T00:00:00Z,2000.4972677595629,963723600,367.35,0.14,31,-89.98,-24.8,2821.28,2810.0,11.28,...
SPO,2000,8,1,0,0,0,2000-08-01T00:00:00Z,2000.5819672131147,966402000,367.84,0.14,29,-89.98,-24.8,2821.28,2810.0,11.28,...
SPO,2000,9,1,0,0,0,2000-09-01T00:00:00Z,2000.6666666666667,969080400,368.05,0.09,30,-89.98,-24.8,2821.28,2810.0,11.28,...
SPO,2000,10,1,0,0,0,2000-10-01T00:00:00Z,2000.7486338797817,971672400,368.05,0.05,30,-89.98,-24.8,2821.28,2810.0,11.28,...
SPO,2000,11,1,0,0,0,2000-11-01T00:00:00Z,2000.8333333333333,974350800,367.97,0.07,30,-89.98,-24.8,2821.28,2810.0,11.28,...
SPO,2000,12,1,0,0,0,2000-12-01T00:00:00Z,2000.915300546448,976942800,368.24,0.14,31,-89.98,-24.8,2821.28,2810.0,11.28,...
SPO,2001,1,1,0,0,0,2001-01-01T00:00:00Z,2001.0,979621200,368.07,0.12,29,-89.98,-24.8,2821.28,2810.0,11.28,...
SPO,2001,2,1,0,0,0,2001-02-01T00:00:00Z,2001.0849315068492,982299600,367.79,0.08,28,-89.98,-24.8,2821.28,2810.0,11.28,...
SPO,2001,3,1,0,0,0,2001-03-01T00:00:00Z,2001.1616438356164,984718800,367.74,0.06,30,-89.98,-24.8,2821.28,2810.0,11.28,...
SPO,2001,4,1,0,0,0,2001-04-01T00:00:00Z,2001.2465753424656,987397200,368.0,0.11,30,-89.98,-24.8,2821.28,2810.0,11.28,...
SPO,2001,5,1,0,0,0,2001-05-01T00:00:00Z,2001.3287671232877,989989200,368.26,0.09,31,-89.98,-24.8,2821.28,2810.0,11.28,...
SPO,2001,6,1,0,0,0,2001-06-01T00:00:00Z,2001.4136986301369,992667600,368.53,0.09,30,-89.98,-24.8,2821.28,2810.0,11.28,...
SPO,2001,7,1,0,0,0,2001-07-01T00:00:00Z,2001.495890410959,995259600,368.96,0.19,31,-89.98,-24.8,2821.28,2810.0,11.28,...
SPO,2001,8,1,0,0,0,2001-08-01T00:00:00Z,2001.580821917808,997938000,369.46,0.15,31,-89.98,-24.8,2821.28,2810.0,11.28,...
SPO,2001,9,1,0,0,0,2001-09-01T00:00:00Z,2001.6657534246576,1000616400,369.79,0.11,30,-89.98,-24.8,2821.28,2810.0,11.28,...
SPO,2001,10,1,0,0,0,2001-10-01T00:00:00Z,2001.7479452054797,1003208400,370.05,0.09,31,-89.98,-24.8,2821.28,2810.0,11.28,...
SPO,2001,11,1,0,0,0,2001-11-01T00:00:00Z,2001.8328767123287,1005886800,370.08,0.05,29,-89.98,-24.8,2821.28,2810.0,11.28,...
SPO,2001,12,1,0,0,0,2001-12-01T00:00:00Z,2001.9150684931508,1008478800,369.88,0.09,28,-89.98,-24.8,2821.28,2810.0,11.28,...
SPO,2002,1,1,0,0,0,2002-01-01T00:00:00Z,2002.0,1011157200,369.74,0.08,31,-89.98,-24.8,2821.28,2810.0,11.28,...
SPO,2002,2,1,0,0,0,2002-02-01T00:00:00Z,2002.0849315068492,1013835600,369.65,0.09,27,-89.98,-24.8,2821.28,2810.0,11.28,...
SPO,2002,3,1,0,0,0,2002-03-01T00:00:00Z,2002.1616438356164,1016254800,369.7,0.09,31,-89.98,-24.8,2821.28,2810.0,11.28,...
SPO,2002,4,1,0,0,0,2002-04-01T00:00:00Z,2002.2465753424656,1018933200,369.96,0.06,30,-89.98,-24.8,2821.28,2810.0,11.28,...
SPO,2002,5,1,0,0,0,2002-05-01T00:00:00Z,2002.3287671232877,1021525200,370.22,0.11,31,-89.98,-24.8,2821.28,2810.0,11.28,...
SPO,2002,6,1,0,0,0,2002-06-01T00:00:00Z,2002.4136986301369,1024203600,370.62,0.11,30,-89.98,-24.8,2821.28,2810.0,11.28,...
SPO,2002,7,1,0,0,0,2002-07-01T00:00:00Z,2002.495890410959,1026795600,371.13,0.14,31,-89.98,-24.8,2821.28,2810.0,11.28,...
SPO,2002,8,1,0,0,0,2002-08-01T00:00:00Z,2002.580821917808,1029474000,371.65,0.18,30,-89.98,-24.8,2821.28,2810.0,11.28,...
SPO,2002,9,1,0,0,0,2002-09-01T00:00:00Z,2002.6657534246576,1032152400,372.06,0.11,29,-89.98,-24.8,2821.28,2810.0,11.28,...
SPO,2002,10,1,0,0,0,2002-10-01T00:00:00Z,2002.7479452054797,1034744400,372.24,0.03,31,-89.98,-24.8,2821.28,2810.0,11.28,...
SPO,2002,11,1,0,0,0,2002-11-01T00:00:00Z,2002.8328767123287,1037422800,372.2,0.02,30,-89.98,-24.8,2821.28,2810.0,11.28,...
SPO,2002,12,1,0,0,0,2002-12-01T00:00:00Z,2002.9150684931508,1040014800,372.08,0.07,30,-89.98,-24.8,2821.28,2810.0,11.28,...
SPO,2003,1,1,0,0,0,2003-01-01T00:00:00Z,2003.0,1042693200,372.16,0.06,31,-89.98,-24.8,2821.28,2810.0,11.28,...
SPO,2003,2,1,0,0,0,2003-02-01T00:00:00Z,2003.0849315068492,1045371600,372.06,0.23,28,-89.98,-24.8,2821.28,2810.0,11.28,...
SPO,2003,3,1,0,0,0,2003-03-01T00:00:00Z,2003.1616438356164,1047790800,372.16,0.16,31,-89.98,-24.8,2821.28,2810.0,11.28,...
SPO,2003,4,1,0,0,0,2003-04-01T00:00:00Z,2003.2465753424656,1050469200,372.31,0.11,30,-89.98,-24.8,2821.28,2810.0,11.28,...
SPO,2003,5,1,0,0,0,2003-05-01T00:00:00Z,2003.3287671232877,1053061200,372.64,0.1,31,-89.98,-24.8,2821.28,2810.0,11.28,...
SPO,2003,6,1,0,0,0,2003-06-01T00:00:00Z,2003.4136986301369,1055739600,372.97,0.13,29,-89.98,-24.8,2821.28,2810.0,11.28,...
SPO,2003,7,1,0,0,0,2003-07-01T00:00:00Z,2003.495890410959,1058331600,373.41,0.16,31,-89.98,-24.8,2821.28,2810.0,11.28,...
SPO,2003,8,1,0,0,0,2003-08-01T00:00:00Z,2003.580821917808,1061010000,373.98,0.21,31,-89.98,-24.8,2821.28,2810.0,11.28,...
SPO,2003,9,1,0,0,0,2003-09-01T00:00:00Z,2003.6657534246576,1063688400,374.29,0.04,30,-89.98,-24.8,2821.28,2810.0,11.28,...
SPO,2003,10,1,0,0,0,2003-10-01T00:00:00Z,2003.7479452054797,1066280400,374.29,0.06,31,-89.98,-24.8,2821.28,2810.0,11.28,...
SPO,2003,11,1,0,0,0,2003-11-01T00:00:00Z,2003.8328767123287,1068958800,374.18,0.05,30,-89.98,-24.8,2821.28,2810.0,11.28,...
SPO,2003,12,1,0,0,0,2003-12-01T00:00:00Z,2003.9150684931508,1071550800,374.19,0.05,30,-89.98,-24.8,2821.28,2810.0,11.28,...
SPO,2004,1,1,0,0,0,2004-01-01T00:00:00Z,2004.0,1074229200,374.22,0.1,22,-89.98,-24.8,2821.28,2810.0,11.28,...
SPO,2004,2,1,0,0,0,2004-02-01T00:00:00Z,2004.084699453552,1076907600,374.03,0.15,29,-89.98,-24.8,2821.28,2810.0,11.28,...
SPO,2004,3,1,0,0,0,2004-03-01T00:00:00Z,2004.1639344262296,1079413200,374.23,0.12,31,-89.98,-24.8,2821.28,2810.0,11.28,...
SPO,2004,4,1,0,0,0,2004-04-01T00:00:00Z,2004.2486338797817,1082091600,374.36,0.11,30,-89.98,-24.8,2821.28,2810.0,11.28,...
SPO,2004,5,1,0,0,0,2004-05-01T00:00:00Z,2004.330601092896,1084683600,374.57,0.09,31,-89.98,-24.8,2821.28,2810.0,11.28,...
SPO,2004,6,1,0,0,0,2004-06-01T00:00:00Z,2004.415300546448,1087362000,374.94,0.11,30,-89.98,-24.8,2821.28,2810.0,11.28,...
SPO,2004,7,1,0,0,0,2004-07-01T00:00:00Z,2004.4972677595629,1089954000,375.25,0.12,31,-89.98,-24.8,2821.28,2810.0,11.28,...
SPO,2004,8,1,0,0,0,2004-08-01T00:00:00Z,2004.5819672131147,1092632400,375.76,0.1,31,-89.98,-24.8,2821.28,2810.0,11.28,...
SPO,2004,9,1,0,0,0,2004-09-01T00:00:00Z,2004.6666666666667,1095310800,375.92,0.09,30,-89.98,-24.8,2821.28,2810.0,11.28,...
SPO,2004,10,1,0,0,0,2004-10-01T00:00:00Z,2004.7486338797817,1097902800,375.9,0.06,31,-89.98,-24.8,2821.28,2810.0,11.28,...
SPO,2004,11,1,0,0,0,2004-11-01T00:00:00Z,2004.8333333333333,1100581200,375.86,0.08,30,-89.98,-24.8,2821.28,2810.0,11.28,...
SPO,2004,12,1,0,0,0,2004-12-01T00:00:00Z,2004.915300546448,1103173200,375.84,0.07,31,-89.98,-24.8,2821.28,2810.0,11.28,...
SPO,2005,1,1,0,0,0,2005-01-01T00:00:00Z,2005.0,1105851600,375.81,0.09,28,-89.98,-24.8,2821.28,2810.0,11.28,...
SPO,2005,2,1,0,0,0,2005-02-01T00:00:00Z,2005.0849315068492,1108530000,375.45,0.18,26,-89.98,-24.8,2821.28,2810.0,11.28,...
SPO,2005,3,1,0,0,0,2005-03-01T00:00:00Z,2005.1616438356164,1110949200,375.64,0.11,31,-89.98,-24.8,2821.28,2810.0,11.28,...
SPO,2005,4,1,0,0,0,2005-04-01T00:00:00Z,2005.2465753424656,1113627600,375.83,0.12,30,-89.98,-24.8,2821.28,2810.0,11.28,...
SPO,2005,5,1,0,0,0,2005-05-01T00:00:00Z,2005.3287671232877,1116219600,376.27,0.15,31,-89.98,-24.8,2821.28,2810.0,11.28,...
SPO,2005,6,1,0,0,0,2005-06-01T00:00:00Z,2005.4136986301369,1118898000,376.79,0.16,29,-89.98,-24.8,2821.28,2810.0,11.28,...
SPO,2005,7,1,0,0,0,2005-07-01T00:00:00Z,2005.495890410959,1121490000,377.31,0.15,31,-89.98,-24.8,2821.28,2810.0,11.28,...
SPO,2005,8,1,0,0,0,2005-08-01T00:00:00Z,2005.580821917808,1124168400,377.8,0.1,31,-89.98,-24.8,2821.28,2810.0,11.28,...
SPO,2005,9,1,0,0,0,2005-09-01T00:00:00Z,2005.6657534246576,1126846800,378.06,0.07,28,-89.98,-24.8,2821.28,2810.0,11.28,...
SPO,2005,10,1,0,0,0,2005-10-01T00:00:00Z,2005.7479452054797,1129438800,378.15,0.05,30,-89.98,-24.8,2821.28,2810.0,11.28,...
SPO,2005,11,1,0,0,0,2005-11-01T00:00:00Z,2005.8328767123287,1132117200,378.1,0.03,28,-89.98,-24.8,2821.28,2810.0,11.28,...
SPO,2005,12,1,0,0,0,2005-12-01T00:00:00Z,2005.9150684931508,1134709200,378.11,0.04,31,-89.98,-24.8,2821.28,2810.0,11.28,...
SPO,2006,1,1,0,0,0,2006-01-01T00:00:00Z,2006.0,1137387600,378.1,0.11,31,-89.98,-24.8,2821.28,2810.0,11.28,...
SPO,2006,2,1,0,0,0,2006-02-01T00:00:00Z,2006.0849315068492,1140066000,377.85,0.09,28,-89.98,-24.8,2821.28,2810.0,11.28,...
SPO,2006,3,1,0,0,0,2006-03-01T00:00:00Z,2006.1616438356164,1142485200,378.02,0.12,31,-89.98,-24.8,2821.28,2810.0,11.28,...
SPO,2006,4,1,0,0,0,2006-04-01T00:00:00Z,2006.2465753424656,1145163600,378.12,0.1,30,-89.98,-24.8,2821.28,2810.0,11.28,...
SPO,2006,5,1,0,0,0,2006-05-01T00:00:00Z,2006.3287671232877,1147755600,378.39,0.06,31,-89.98,-24.8,2821.28,2810.0,11.28,...
SPO,2006,6,1,0,0,0,2006-06-01T00:00:00Z,2006.4136986301369,1150434000,378.63,0.06,30,-89.98,-24.8,2821.28,2810.0,11.28,...
SPO,2006,7,1,0,0,0,2006-07-01T00:00:00Z,2006.495890410959,1153026000,378.98,0.15,31,-89.98,-24.8,2821.28,2810.0,11.28,...
SPO,2006,8,1,0,0,0,2006-08-01T00:00:00Z,2006.580821917808,1155704400,379.45,0.12,31,-89.98,-24.8,2821.28,2810.0,11.28,...
SPO,2006,9,1,0,0,0,2006-09-01T00:00:00Z,2006.6657534246576,1158382800,379.7,0.08,30,-89.98,-24.8,2821.28,2810.0,11.28,...
SPO,2006,10,1,0,0,0,2006-10-01T00:00:00Z,2006.7479452054797,1160974800,379.81,0.04,30,-89.98,-24.8,2821.28,2810.0,11.28,...
SPO,2006,11,1,0,0,0,2006-11-01T00:00:00Z,2006.8328767123287,1163653200,379.78,0.03,29,-89.98,-24.8,2821.28,2810.0,11.28,...
SPO,2006,12,1,0,0,0,2006-12-01T00:00:00Z,2006.9150684931508,1166245200,379.78,0.06,31,-89.98,-24.8,2821.28,2810.0,11.28,...
SPO,2007,1,1,0,0,0,2007-01-01T00:00:00Z,2007.0,1168923600,379.74,0.11,14,-89.98,-24.8,2821.28,2810.0,11.28,...
SPO,2007,2,1,0,0,0,2007-02-01T00:00:00Z,2007.0849315068492,1171602000,379.69,0.1,28,-89.98,-24.8,2821.28,2810.0,11.28,...
SPO,2007,3,1,0,0,0,2007-03-01T00:00:00Z,2007.1616438356164,1174021200,379.68,0.09,31,-89.98,-24.8,2821.28,2810.0,11.28,...
SPO,2007,4,1,0,0,0,2007-04-01T00:00:00Z,2007.2465753424656,1176699600,380.02,0.09,30,-89.98,-24.8,2821.28,2810.0,11.28,...
SPO,2007,5,1,0,0,0,2007-05-01T00:00:00Z,2007.3287671232877,1179291600,380.35,0.09,31,-89.98,-24.8,2821.28,2810.0,11.28,...
SPO,2007,6,1,0,0,0,2007-06-01T00:00:00Z,2007.4136986301369,1181970000,380.71,0.11,30,-89.98,-24.8,2821.28,2810.0,11.28,...
SPO,2007,7,1,0,0,0,2007-07-01T00:00:00Z,2007.495890410959,1184562000,381.13,0.16,31,-89.98,-24.8,2821.28,2810.0,11.28,...
SPO,2007,8,1,0,0,0,2007-08-01T00:00:00Z,2007.580821917808,1187240400,381.56,0.12,31,-89.98,-24.8,2821.28,2810.0,11.28,...
SPO,2007,9,1,0,0,0,2007-09-01T00:00:00Z,2007.6657534246576,1189918800,381.92,0.09,30,-89.98,-24.8,2821.28,2810.0,11.28,...
SPO,2007,10,1,0,0,0,2007-10-01T00:00:00Z,2007.7479452054797,1192510800,382.04,0.04,31,-89.98,-24.8,2821.28,2810.0,11.28,...
SPO,2007,11,1,0,0,0,2007-11-01T00:00:00Z,2007.8328767123287,1195189200,382.03,0.04,19,-89.98,-24.8,2821.28,2810.0,11.28,...
SPO,2007,12,1,0,0,0,2007-12-01T00:00:00Z,2007.9150684931508,1197781200,382.03,0.07,24,-89.98,-24.8,2821.28,2810.0,11.28,...
SPO,2008,1,1,0,0,0,2008-01-01T00:00:00Z,2008.0,1200459600,381.97,0.08,30,-89.98,-24.8,2821.28,2810.0,11.28,...
SPO,2008,2,1,0,0,0,2008-02-01T00:00:00Z,2008.084699453552,1203138000,381.93,0.08,29,-89.98,-24.8,2821.28,2810.0,11.28,...
SPO,2008,3,1,0,0,0,2008-03-01T00:00:00Z,2008.1639344262296,1205643600,382.07,0.08,31,-89.98,-24.8,2821.28,2810.0,11.28,...
SPO,2008,4,1,0,0,0,2008-04-01T00:00:00Z,2008.2486338797817,1208322000,382.18,0.06,30,-89.98,-24.8,2821.28,2810.0,11.28,...
SPO,2008,5,1,0,0,0,2008-05-01T00:00:00Z,2008.330601092896,1210914000,382.28,0.06,31,-89.98,-24.8,2821.28,2810.0,11.28,...
SPO,2008,6,1,0,0,0,2008-06-01T00:00:00Z,2008.415300546448,1213592400,382.58,0.13,30,-89.98,-24.8,2821.28,2810.0,11.28,...
SPO,2008,7,1,0,0,0,2008-07-01T00:00:00Z,2008.4972677595629,1216184400,383.13,0.18,31,-89.98,-24.8,2821.28,2810.0,11.28,...
SPO,2008,8,1,0,0,0,2008-08-01T00:00:00Z,2008.5819672131147,1218862800,383.53,0.1,31,-89.98,-24.8,2821.28,2810.0,11.28,...
SPO,2008,9,1,0,0,0,2008-09-01T00:00:00Z,2008.6666666666667,1221541200,383.78,0.08,29,-89.98,-24.8,2821.28,2810.0,11.28,...
SPO,2008,10,1,0,0,0,2008-10-01T00:00:00Z,2008.7486338797817,1224133200,383.89,0.07,31,-89.98,-24.8,2821.28,2810.0,11.28,...
SPO,2008,11,1,0,0,0,2008-11-01T00:00:00Z,2008.8333333333333,1226811600,383.84,0.09,30,-89.98,-24.8,2821.28,2810.0,11.28,...
SPO,2008,12,1,0,0,0,2008-12-01T00:00:00Z,2008.915300546448,1229403600,383.71,0.09,31,-89.98,-24.8,2821.28,2810.0,11.28,...
SPO,2009,1,1,0,0,0,2009-01-01T00:00:00Z,2009.0,1232082000,383.69,0.18,31,-89.98,-24.8,2821.28,2810.0,11.28,...
SPO,2009,2,1,0,0,0,2009-02-01T00:00:00Z,2009.0849315068492,1234760400,383.49,0.11,28,-89.98,-24.8,2821.28,2810.0,11.28,...
SPO,2009,3,1,0,0,0,2009-03-01T00:00:00Z,2009.1616438356164,1237179600,383.52,0.11,31,-89.98,-24.8,2821.28,2810.0,11.28,...
SPO,2009,4,1,0,0,0,2009-04-01T00:00:00Z,2009.2465753424656,1239858000,383.71,0.07,28,-89.98,-24.8,2821.28,2810.0,11.28,...
SPO,2009,5,1,0,0,0,2009-05-01T00:00:00Z,2009.3287671232877,1242450000,383.89,0.08,31,-89.98,-24.8,2821.28,2810.0,11.28,...
SPO,2009,6,1,0,0,0,2009-06-01T00:00:00Z,2009.4136986301369,1245128400,384.16,0.12,30,-89.98,-24.8,2821.28,2810.0,11.28,...
SPO,2009,7,1,0,0,0,2009-07-01T00:00:00Z,2009.495890410959,1247720400,384.55,0.11,31,-89.98,-24.8,2821.28,2810.0,11.28,...
SPO,2009,8,1,0,0,0,2009-08-01T00:00:00Z,2009.580821917808,1250398800,384.93,0.13,31,-89.98,-24.8,2821.28,2810.0,11.28,...
SPO,2009,9,1,0,0,0,2009-09-01T00:00:00Z,2009.6657534246576,1253077200,385.25,0.08,30,-89.98,-24.8,2821.28,2810.0,11.28,...
SPO,2009,10,1,0,0,0,2009-10-01T00:00:00Z,2009.7479452054797,1255669200,385.43,0.05,31,-89.98,-24.8,2821.28,2810.0,11.28,...
SPO,2009,11,1,0,0,0,2009-11-01T00:00:00Z,2009.8328767123287,1258347600,385.43,0.04,27,-89.98,-24.8,2821.28,2810.0,11.28,...
SPO,2009,12,1,0,0,0,2009-12-01T00:00:00Z,2009.9150684931508,1260939600,385.37,0.03,31,-89.98,-24.8,2821.28,2810.0,11.28,...
SPO,2010,1,1,0,0,0,2010-01-01T00:00:00Z,2010.0,1263618000,385.31,0.14,31,-89.98,-24.8,2821.28,2810.0,11.28,...
SPO,2010,2,1,0,0,0,2010-02-01T00:00:00Z,2010.0849315068492,1266296400,384.95,0.26,28,-89.98,-24.8,2821.28,2810.0,11.28,...
SPO,2010,3,1,0,0,0,2010-03-01T00:00:00Z,2010.1616438356164,1268715600,385.01,0.21,31,-89.98,-24.8,2821.28,2810.0,11.28,...
SPO,2010,4,1,0,0,0,2010-04-01T00:00:00Z,2010.2465753424656,1271394000,385.13,0.09,30,-89.98,-24.8,2821.28,2810.0,11.28,...
SPO,2010,5,1,0,0,0,2010-05-01T00:00:00Z,2010.3287671232877,1273986000,385.43,0.15,31,-89.98,-24.8,2821.28,2810.0,11.28,...
SPO,2010,6,1,0,0,0,2010-06-01T00:00:00Z,2010.4136986301369,1276664400,385.92,0.2,30,-89.98,-24.8,2821.28,2810.0,11.28,...
SPO,2010,7,1,0,0,0,2010-07-01T00:00:00Z,2010.495890410959,1279256400,386.56,0.23,31,-89.98,-24.8,2821.28,2810.0,11.28,...
SPO,2010,8,1,0,0,0,2010-08-01T00:00:00Z,2010.580821917808,1281934800,387.27,0.2,31,-89.98,-24.8,2821.28,2810.0,11.28,...
SPO,2010,9,1,0,0,0,2010-09-01T00:00:00Z,2010.6657534246576,1284613200,387.6,0.05,30,-89.98,-24.8,2821.28,2810.0,11.28,...
SPO,2010,10,1,0,0,0,2010-10-01T00:00:00Z,2010.7479452054797,1287205200,387.67,0.04,31,-89.98,-24.8,2821.28,2810.0,11.28,...
SPO,2010,11,1,0,0,0,2010-11-01T00:00:00Z,2010.8328767123287,1289883600,387.63,0.05,30,-89.98,-24.8,2821.28,2810.0,11.28,...
SPO,2010,12,1,0,0,0,2010-12-01T00:00:00Z,2010.9150684931508,1292475600,387.51,0.1,31,-89.98,-24.8,2821.28,2810.0,11.28,...
SPO,2011,1,1,0,0,0,2011-01-01T00:00:00Z,2011.0,1295154000,387.41,0.18,31,-89.98,-24.8,2821.28,2810.0,11.28,...
SPO,2011,2,1,0,0,0,2011-02-01T00:00:00Z,2011.0849315068492,1297832400,387.19,0.28,28,-89.98,-24.8,2821.28,2810.0,11.28,...
SPO,2011,3,1,0,0,0,2011-03-01T00:00:00Z,2011.1616438356164,1300251600,387.1,0.13,31,-89.98,-24.8,2821.28,2810.0,11.28,...
SPO,2011,4,1,0,0,0,2011-04-01T00:00:00Z,2011.2465753424656,1302930000,387.25,0.08,30,-89.98,-24.8,2821.28,2810.0,11.28,...
SPO,2011,5,1,0,0,0,2011-05-01T00:00:00Z,2011.3287671232877,1305522000,387.51,0.1,31,-89.98,-24.8,2821.28,2810.0,11.28,...
SPO,2011,6,1,0,0,0,2011-06-01T00:00:00Z,2011.4136986301369,1308200400,387.76,0.09,30,-89.98,-24.8,2821.28,2810.0,11.28,...
SPO,2011,7,1,0,0,0,2011-07-01T00:00:00Z,2011.495890410959,1310792400,388.21,0.19,31,-89.98,-24.8,2821.28,2810.0,11.28,...
SPO,2011,8,1,0,0,0,2011-08-01T00:00:00Z,2011.580821917808,1313470800,388.73,0.12,31,-89.98,-24.8,2821.28,2810.0,11.28,...
SPO,2011,9,1,0,0,0,2011-09-01T00:00:00Z,2011.6657534246576,1316149200,389.09,0.07,30,-89.98,-24.8,2821.28,2810.0,11.28,...
SPO,2011,10,1,0,0,0,2011-10-01T00:00:00Z,2011.7479452054797,1318741200,389.28,0.03,30,-89.98,-24.8,2821.28,2810.0,11.28,...
SPO,2011,11,1,0,0,0,2011-11-01T00:00:00Z,2011.8328767123287,1321419600,389.33,0.1,30,-89.98,-24.8,2821.28,2810.0,11.28,...
SPO,2011,12,1,0,0,0,2011-12-01T00:00:00Z,2011.9150684931508,1324011600,389.27,0.15,29,-89.98,-24.8,2821.28,2810.0,11.28,...
SPO,2012,1,1,0,0,0,2012-01-01T00:00:00Z,2012.0,1326690000,389.13,0.12,31,-89.98,-24.8,2821.28,2810.0,11.28,...
SPO,2012,2,1,0,0,0,2012-02-01T00:00:00Z,2012.084699453552,1329368400,388.75,0.3,29,-89.98,-24.8,2821.28,2810.0,11.28,...
SPO,2012,3,1,0,0,0,2012-03-01T00:00:00Z,2012.1639344262296,1331874000,388.96,0.09,31,-89.98,-24.8,2821.28,2810.0,11.28,...
SPO,2012,4,1,0,0,0,2012-04-01T00:00:00Z,2012.2486338797817,1334552400,389.19,0.08,30,-89.98,-24.8,2821.28,2810.0,11.28,...
SPO,2012,5,1,0,0,0,2012-05-01T00:00:00Z,2012.330601092896,1337144400,389.45,0.13,31,-89.98,-24.8,2821.28,2810.0,11.28,...
SPO,2012,6,1,0,0,0,2012-06-01T00:00:00Z,2012.415300546448,1339822800,389.8,0.17,30,-89.98,-24.8,2821.28,2810.0,11.28,...
SPO,2012,7,1,0,0,0,2012-07-01T00:00:00Z,2012.4972677595629,1342414800,390.43,0.18,31,-89.98,-24.8,2821.28,2810.0,11.28,...
SPO,2012,8,1,0,0,0,2012-08-01T00:00:00Z,2012.5819672131147,1345093200,391.08,0.18,31,-89.98,-24.8,2821.28,2810.0,11.28,...
SPO,2012,9,1,0,0,0,2012-09-01T00:00:00Z,2012.6666666666667,1347771600,391.45,0.06,30,-89.98,-24.8,2821.28,2810.0,11.28,...
SPO,2012,10,1,0,0,0,2012-10-01T00:00:00Z,2012.7486338797817,1350363600,391.53,0.06,31,-89.98,-24.8,2821.28,2810.0,11.28,...
SPO,2012,11,1,0,0,0,2012-11-01T00:00:00Z,2012.8333333333333,1353042000,391.51,0.06,30,-89.98,-24.8,2821.28,2810.0,11.28,...
SPO,2012,12,1,0,0,0,2012-12-01T00:00:00Z,2012.915300546448,1355634000,391.63,0.06,31,-89.98,-24.8,2821.28,2810.0,11.28,...
SPO,2013,1,1,0,0,0,2013-01-01T00:00:00Z,2013.0,1358312400,391.57,0.11,31,-89.98,-24.8,2821.28,2810.0,11.28,...
SPO,2013,2,1,0,0,0,2013-02-01T00:00:00Z,2013.0849315068492,1360990800,391.54,0.11,25,-89.98,-24.8,2821.28,2810.0,11.28,...
SPO,2013,3,1,0,0,0,2013-03-01T00:00:00Z,2013.1616438356164,1363410000,391.56,0.09,28,-89.98,-24.8,2821.28,2810.0,11.28,...
SPO,2013,4,1,0,0,0,2013-04-01T00:00:00Z,2013.2465753424656,1366088400,392.0,0.16,30,-89.98,-24.8,2821.28,2810.0,11.28,...
SPO,2013,5,1,0,0,0,2013-05-01T00:00:00Z,2013.3287671232877,1368680400,392.45,0.14,31,-89.98,-24.8,2821.28,2810.0,11.28,...
SPO,2013,6,1,0,0,0,2013-06-01T00:00:00Z,2013.4136986301369,1371358800,392.86,0.18,30,-89.98,-24.8,2821.28,2810.0,11.28,...
SPO,2013,7,1,0,0,0,2013-07-01T00:00:00Z,2013.495890410959,1373950800,393.39,0.17,31,-89.98,-24.8,2821.28,2810.0,11.28,...
SPO,2013,8,1,0,0,0,2013-08-01T00:00:00Z,2013.580821917808,1376629200,393.93,0.12,31,-89.98,-24.8,2821.28,2810.0,11.28,...
SPO,2013,9,1,0,0,0,2013-09-01T00:00:00Z,2013.6657534246576,1379307600,394.19,0.06,30,-89.98,-24.8,2821.28,2810.0,11.28,...
SPO,2013,10,1,0,0,0,2013-10-01T00:00:00Z,2013.7479452054797,1381899600,394.21,0.03,31,-89.98,-24.8,2821.28,2810.0,11.28,...
SPO,2013,11,1,0,0,0,2013-11-01T00:00:00Z,2013.8328767123287,1384578000,394.17,0.05,26,-89.98,-24.8,2821.28,2810.0,11.28,...
SPO,2013,12,1,0,0,0,2013-12-01T00:00:00Z,2013.9150684931508,1387170000,394.13,0.1,29,-89.98,-24.8,2821.28,2810.0,11.28,...
SPO,2014,1,1,0,0,0,2014-01-01T00:00:00Z,2014.0,1389848400,394.09,0.1,31,-89.98,-24.8,2821.28,2810.0,11.28,...
SPO,2014,2,1,0,0,0,2014-02-01T00:00:00Z,2014.0849315068492,1392526800,393.84,0.12,28,-89.98,-24.8,2821.28,2810.0,11.28,...
SPO,2014,3,1,0,0,0,2014-03-01T00:00:00Z,2014.1616438356164,1394946000,393.89,0.09,31,-89.98,-24.8,2821.28,2810.0,11.28,...
SPO,2014,4,1,0,0,0,2014-04-01T00:00:00Z,2014.2465753424656,1397624400,394.04,0.1,30,-89.98,-24.8,2821.28,2810.0,11.28,...
SPO,2014,5,1,0,0,0,2014-05-01T00:00:00Z,2014.3287671232877,1400216400,394.42,0.15,31,-89.98,-24.8,2821.28,2810.0,11.28,...
SPO,2014,6,1,0,0,0,2014-06-01T00:00:00Z,2014.4136986301369,1402894800,394.74,0.1,30,-89.98,-24.8,2821.28,2810.0,11.28,...
SPO,2014,7,1,0,0,0,2014-07-01T00:00:00Z,2014.495890410959,1405486800,395.22,0.17,31,-89.98,-24.8,2821.28,2810.0,11.28,...
SPO,2014,8,1,0,0,0,2014-08-01T00:00:00Z,2014.580821917808,1408165200,395.73,0.12,31,-89.98,-24.8,2821.28,2810.0,11.28,...
SPO,2014,9,1,0,0,0,2014-09-01T00:00:00Z,2014.6657534246576,1410843600,396.08,0.09,30,-89.98,-24.8,2821.28,2810.0,11.28,...
SPO,2014,10,1,0,0,0,2014-10-01T00:00:00Z,2014.7479452054797,1413435600,396.17,0.03,31,-89.98,-24.8,2821.28,2810.0,11.28,...
SPO,2014,11,1,0,0,0,2014-11-01T00:00:00Z,2014.8328767123287,1416114000,396.13,0.03,30,-89.98,-24.8,2821.28,2810.0,11.28,...
SPO,2014,12,1,0,0,0,2014-12-01T00:00:00Z,2014.9150684931508,1418706000,396.02,0.05,31,-89.98,-24.8,2821.28,2810.0,11.28,...
SPO,2015,1,1,0,0,0,2015-01-01T00:00:00Z,2015.0,1421384400,396.02,0.13,31,-89.98,-24.8,2821.28,2810.0,11.28,...
SPO,2015,2,1,0,0,0,2015-02-01T00:00:00Z,2015.0849315068492,1424062800,396.02,0.13,28,-89.98,-24.8,2821.28,2810.0,11.28,...
SPO,2015,3,1,0,0,0,2015-03-01T00:00:00Z,2015.1616438356164,1426482000,396.07,0.12,31,-89.98,-24.8,2821.28,2810.0,11.28,...
SPO,2015,4,1,0,0,0,2015-04-01T00:00:00Z,2015.2465753424656,1429160400,396.39,0.13,30,-89.98,-24.8,2821.28,2810.0,11.28,...
SPO,2015,5,1,0,0,0,2015-05-01T00:00:00Z,2015.3287671232877,1431752400,396.87,0.19,31,-89.98,-24.8,2821.28,2810.0,11.28,...
SPO,2015,6,1,0,0,0,2015-06-01T00:00:00Z,2015.4136986301369,1434430800,397.27,0.09,30,-89.98,-24.8,2821.28,2810.0,11.28,...
SPO,2015,7,1,0,0,0,2015-07-01T00:00:00Z,2015.495890410959,1437022800,397.69,0.18,31,-89.98,-24.8,2821.28,2810.0,11.28,...
SPO,2015,8,1,0,0,0,2015-08-01T00:00:00Z,2015.580821917808,1439701200,398.25,0.21,31,-89.98,-24.8,2821.28,2810.0,11.28,...
SPO,2015,9,1,0,0,0,2015-09-01T00:00:00Z,2015.6657534246576,1442379600,398.64,0.05,30,-89.98,-24.8,2821.28,2810.0,11.28,...
SPO,2015,10,1,0,0,0,2015-10-01T00:00:00Z,2015.7479452054797,1444971600,398.6,0.07,31,-89.98,-24.8,2821.28,2810.0,11.28,...
SPO,2015,11,1,0,0,0,2015-11-01T00:00:00Z,2015.8328767123287,1447650000,398.79,0.1,30,-89.98,-24.8,2821.28,2810.0,11.28,...
SPO,2015,12,1,0,0,0,2015-12-01T00:00:00Z,2015.9150684931508,1450242000,398.81,0.06,31,-89.98,-24.8,2821.28,2810.0,11.28,...
SPO,2016,1,1,0,0,0,2016-01-01T00:00:00Z,2016.0,1452920400,398.87,0.11,23,-89.98,-24.8,2821.28,2810.0,11.28,...
SPO,2016,2,1,0,0,0,2016-02-01T00:00:00Z,2016.084699453552,1455598800,398.74,0.18,29,-89.98,-24.8,2821.28,2810.0,11.28,...
SPO,2016,3,1,0,0,0,2016-03-01T00:00:00Z,2016.1639344262296,1458104400,399.2,0.19,31,-89.98,-24.8,2821.28,2810.0,11.28,...
SPO,2016,4,1,0,0,0,2016-04-01T00:00:00Z,2016.2486338797817,1460782800,399.53,0.27,30,-89.98,-24.8,2821.28,2810.0,11.28,...
SPO,2016,5,1,0,0,0,2016-05-01T00:00:00Z,2016.330601092896,1463374800,400.15,0.16,31,-89.98,-24.8,2821.28,2810.0,11.28,...
SPO,2016,6,1,0,0,0,2016-06-01T00:00:00Z,2016.415300546448,1466053200,400.7,0.12,29,-89.98,-24.8,2821.28,2810.0,11.28,...
SPO,2016,7,1,0,0,0,2016-07-01T00:00:00Z,2016.4972677595629,1468645200,401.27,0.21,31,-89.98,-24.8,2821.28,2810.0,11.28,...
SPO,2016,8,1,0,0,0,2016-08-01T00:00:00Z,2016.5819672131147,1471323600,401.68,0.08,31,-89.98,-24.8,2821.28,2810.0,11.28,...
SPO,2016,9,1,0,0,0,2016-09-01T00:00:00Z,2016.6666666666667,1474002000,401.85,0.07,30,-89.98,-24.8,2821.28,2810.0,11.28,...
SPO,2016,10,1,0,0,0,2016-10-01T00:00:00Z,2016.7486338797817,1476594000,401.92,0.09,31,-89.98,-24.8,2821.28,2810.0,11.28,...
SPO,2016,11,1,0,0,0,2016-11-01T00:00:00Z,2016.8333333333333,1479272400,401.7,0.07,30,-89.98,-24.8,2821.28,2810.0,11.28,...
SPO,2016,12,1,0,0,0,2016-12-01T00:00:00Z,2016.915300546448,1481864400,401.57,0.08,31,-89.98,-24.8,2821.28,2810.0,11.28,...
SPO,2017,1,1,0,0,0,2017-01-01T00:00:00Z,2017.0,1484542800,401.44,0.08,31,-89.98,-24.8,2821.28,2810.0,11.28,...
SPO,2017,2,1,0,0,0,2017-02-01T00:00:00Z,2017.0849315068492,1487221200,401.32,0.13,28,-89.98,-24.8,2821.28,2810.0,11.28,...
SPO,2017,3,1,0,0,0,2017-03-01T00:00:00Z,2017.1616438356164,1489640400,401.27,0.12,31,-89.98,-24.8,2821.28,2810.0,11.28,...
SPO,2017,4,1,0,0,0,2017-04-01T00:00:00Z,2017.2465753424656,1492318800,401.4,0.1,30,-89.98,-24.8,2821.28,2810.0,11.28,...
SPO,2017,5,1,0,0,0,2017-05-01T00:00:00Z,2017.3287671232877,1494910800,401.85,0.17,31,-89.98,-24.8,2821.28,2810.0,11.28,...
SPO,2017,6,1,0,0,0,2017-06-01T00:00:00Z,2017.4136986301369,1497589200,402.25,0.07,30,-89.98,-24.8,2821.28,2810.0,11.28,...
SPO,2017,7,1,0,0,0,2017-07-01T00:00:00Z,2017.495890410959,1500181200,402.82,0.29,31,-89.98,-24.8,2821.28,2810.0,11.28,...
SPO,2017,8,1,0,0,0,2017-08-01T00:00:00Z,2017.580821917808,1502859600,403.41,0.11,31,-89.98,-24.8,2821.28,2810.0,11.28,...
SPO,2017,9,1,0,0,0,2017-09-01T00:00:00Z,2017.6657534246576,1505538000,403.74,0.08,30,-89.98,-24.8,2821.28,2810.0,11.28,...
SPO,2017,10,1,0,0,0,2017-10-01T00:00:00Z,2017.7479452054797,1508130000,403.9,0.05,31,-89.98,-24.8,2821.28,2810.0,11.28,...
SPO,2017,11,1,0,0,0,2017-11-01T00:00:00Z,2017.8328767123287,1510808400,403.87,0.03,30,-89.98,-24.8,2821.28,2810.0,11.28,...
SPO,2017,12,1,0,0,0,2017-12-01T00:00:00Z,2017.9150684931508,1513400400,403.88,0.1,31,-89.98,-24.8,2821.28,2810.0,11.28,...
SPO,2018,1,1,0,0,0,2018-01-01T00:00:00Z,2018.0,1516078800,404.03,0.13,31,-89.98,-24.8,2821.28,2810.0,11.28,...
SPO,2018,2,1,0,0,0,2018-02-01T00:00:00Z,2018.0849315068492,1518757200,403.97,0.13,28,-89.98,-24.8,2821.28,2810.0,11.28,...
SPO,2018,3,1,0,0,0,2018-03-01T00:00:00Z,2018.1616438356164,1521176400,404.0,0.12,31,-89.98,-24.8,2821.28,2810.0,11.28,...
SPO,2018,4,1,0,0,0,2018-04-01T00:00:00Z,2018.2465753424656,1523854800,404.34,0.1,30,-89.98,-24.8,2821.28,2810.0,11.28,...
SPO,2018,5,1,0,0,0,2018-05-01T00:00:00Z,2018.3287671232877,1526446800,404.67,0.13,31,-89.98,-24.8,2821.28,2810.0,11.28,...
SPO,2018,6,1,0,0,0,2018-06-01T00:00:00Z,2018.4136986301369,1529125200,404.94,0.08,24,-89.98,-24.8,2821.28,2810.0,11.28,...
SPO,2018,7,1,0,0,0,2018-07-01T00:00:00Z,2018.495890410959,1531717200,405.4,0.16,26,-89.98,-24.8,2821.28,2810.0,11.28,...
SPO,2018,8,1,0,0,0,2018-08-01T00:00:00Z,2018.580821917808,1534395600,405.9,0.1,31,-89.98,-24.8,2821.28,2810.0,11.28,...
SPO,2018,9,1,0,0,0,2018-09-01T00:00:00Z,2018.6657534246576,1537074000,406.26,0.1,30,-89.98,-24.8,2821.28,2810.0,11.28,...
SPO,2018,10,1,0,0,0,2018-10-01T00:00:00Z,2018.7479452054797,1539666000,406.38,0.05,31,-89.98,-24.8,2821.28,2810.0,11.28,...
SPO,2018,11,1,0,0,0,2018-11-01T00:00:00Z,2018.8328767123287,1542344400,406.37,0.04,30,-89.98,-24.8,2821.28,2810.0,11.28,...
SPO,2018,12,1,0,0,0,2018-12-01T00:00:00Z,2018.9150684931508,1544936400,406.36,0.07,31,-89.98,-24.8,2821.28,2810.0,11.28,...
SPO,2019,1,1,0,0,0,2019-01-01T00:00:00Z,2019.0,1547614800,406.04,0.17,31,-89.98,-24.8,2821.28,2810.0,11.28,...
SPO,2019,2,1,0,0,0,2019-02-01T00:00:00Z,2019.0849315068492,1550293200,406.02,0.18,28,-89.98,-24.8,2821.28,2810.0,11.28,...
SPO,2019,3,1,0,0,0,2019-03-01T00:00:00Z,2019.1616438356164,1552712400,406.1,0.16,31,-89.98,-24.8,2821.28,2810.0,11.28,...
SPO,2019,4,1,0,0,0,2019-04-01T00:00:00Z,2019.2465753424656,1555390800,406.34,0.2,30,-89.98,-24.8,2821.28,2810.0,11.28,...
SPO,2019,5,1,0,0,0,2019-05-01T00:00:00Z,2019.3287671232877,1557982800,406.86,0.15,31,-89.98,-24.8,2821.28,2810.0,11.28,...
SPO,2019,6,1,0,0,0,2019-06-01T00:00:00Z,2019.4136986301369,1560661200,407.36,0.18,30,-89.98,-24.8,2821.28,2810.0,11.28,...
SPO,2019,7,1,0,0,0,2019-07-01T00:00:00Z,2019.495890410959,1563253200,408.06,0.23,31,-89.98,-24.8,2821.28,2810.0,11.28,...
SPO,2019,8,1,0,0,0,2019-08-01T00:00:00Z,2019.580821917808,1565931600,408.61,0.15,31,-89.98,-24.8,2821.28,2810.0,11.28,...
SPO,2019,9,1,0,0,0,2019-09-01T00:00:00Z,2019.6657534246576,1568610000,408.93,0.06,30,-89.98,-24.8,2821.28,2810.0,11.28,...
SPO,2019,10,1,0,0,0,2019-10-01T00:00:00Z,2019.7479452054797,1571202000,409.08,0.05,31,-89.98,-24.8,2821.28,2810.0,11.28,...
SPO,2019,11,1,0,0,0,2019-11-01T00:00:00Z,2019.8328767123287,1573880400,409.12,0.04,30,-89.98,-24.8,2821.28,2810.0,11.28,...
SPO,2019,12,1,0,0,0,2019-12-01T00:00:00Z,2019.9150684931508,1576472400,409.06,0.19,31,-89.98,-24.8,2821.28,2810.0,11.28,...
SPO,2020,1,1,0,0,0,2020-01-01T00:00:00Z,2020.0,1579150800,408.85,0.11,31,-89.98,-24.8,2821.28,2810.0,11.28,...
SPO,2020,2,1,0,0,0,2020-02-01T00:00:00Z,2020.084699453552,1581829200,408.57,0.21,29,-89.98,-24.8,2821.28,2810.0,11.28,...
SPO,2020,3,1,0,0,0,2020-03-01T00:00:00Z,2020.1639344262296,1584334800,408.56,0.18,31,-89.98,-24.8,2821.28,2810.0,11.28,...
SPO,2020,4,1,0,0,0,2020-04-01T00:00:00Z,2020.2486338797817,1587013200,408.99,0.22,30,-89.98,-24.8,2821.28,2810.0,11.28,...
SPO,2020,5,1,0,0,0,2020-05-01T00:00:00Z,2020.330601092896,1589605200,409.36,0.07,31,-89.98,-24.8,2821.28,2810.0,11.28,...
SPO,2020,6,1,0,0,0,2020-06-01T00:00:00Z,2020.415300546448,1592283600,409.72,0.16,30,-89.98,-24.8,2821.28,2810.0,11.28,...
SPO,2020,7,1,0,0,0,2020-07-01T00:00:00Z,2020.4972677595629,1594875600,410.25,0.15,31,-89.98,-24.8,2821.28,2810.0,11.28,...
SPO,2020,8,1,0,0,0,2020-08-01T00:00:00Z,2020.5819672131147,1597554000,410.7,0.15,31,-89.98,-24.8,2821.28,2810.0,11.28,...
SPO,2020,9,1,0,0,0,2020-09-01T00:00:00Z,2020.6666666666667,1600232400,411.05,0.06,30,-89.98,-24.8,2821.28,2810.0,11.28,...
SPO,2020,10,1,0,0,0,2020-10-01T00:00:00Z,2020.7486338797817,1602824400,411.17,0.04,31,-89.98,-24.8,2821.28,2810.0,11.28,...
SPO,2020,11,1,0,0,0,2020-11-01T00:00:00Z,2020.8333333333333,1605502800,411.33,0.12,30,-89.98,-24.8,2821.28,2810.0,11.28,...
SPO,2020,12,1,0,0,0,2020-12-01T00:00:00Z,2020.915300546448,1608094800,411.34,0.06,31,-89.98,-24.8,2821.28,2810.0,11.28,...
SPO,2021,1,1,0,0,0,2021-01-01T00:00:00Z,2021.0,1610773200,411.15,0.12,30,-89.98,-24.8,2821.28,2810.0,11.28,...
SPO,2021,2,1,0,0,0,2021-02-01T00:00:00Z,2021.0849315068492,1613451600,410.95,0.14,28,-89.98,-24.8,2821.28,2810.0,11.28,...
SPO,2021,3,1,0,0,0,2021-03-01T00:00:00Z,2021.1616438356164,1615870800,410.71,0.26,31,-89.98,-24.8,2821.28,2810.0,11.28,...
SPO,2021,4,1,0,0,0,2021-04-01T00:00:00Z,2021.2465753424656,1618549200,410.99,0.12,30,-89.98,-24.8,2821.28,2810.0,11.28,...
SPO,2021,5,1,0,0,0,2021-05-01T00:00:00Z,2021.3287671232877,1621141200,411.42,0.13,31,-89.98,-24.8,2821.28,2810.0,11.28,...
SPO,2021,6,1,0,0,0,2021-06-01T00:00:00Z,2021.4136986301369,1623819600,411.68,0.08,27,-89.98,-24.8,2821.28,2810.0,11.28,...
SPO,2021,7,1,0,0,0,2021-07-01T00:00:00Z,2021.495890410959,1626411600,412.17,0.15,29,-89.98,-24.8,2821.28,2810.0,11.28,...
SPO,2021,8,1,0,0,0,2021-08-01T00:00:00Z,2021.580821917808,1629090000,412.72,0.15,31,-89.98,-24.8,2821.28,2810.0,11.28,...
SPO,2021,9,1,0,0,0,2021-09-01T00:00:00Z,2021.6657534246576,1631768400,413.13,0.09,30,-89.98,-24.8,2821.28,2810.0,11.28,...
SPO,2021,10,1,0,0,0,2021-10-01T00:00:00Z,2021.7479452054797,1634360400,413.43,0.07,31,-89.98,-24.8,2821.28,2810.0,11.28,...
SPO,2021,11,1,0,0,0,2021-11-01T00:00:00Z,2021.8328767123287,1637038800,413.4,0.06,29,-89.98,-24.8,2821.28,2810.0,11.28,...
SPO,2021,12,1,0,0,0,2021-12-01T00:00:00Z,2021.9150684931508,1639630800,413.12,0.2,31,-89.98,-24.8,2821.28,2810.0,11.28,...
SPO,2022,1,1,0,0,0,2022-01-01T00:00:00Z,2022.0,1642309200,413.15,0.2,31,-89.98,-24.8,2821.28,2810.0,11.28,...
SPO,2022,2,1,0,0,0,2022-02-01T00:00:00Z,2022.0849315068492,1644987600,413.34,0.15,28,-89.98,-24.8,2821.28,2810.0,11.28,...
SPO,2022,3,1,0,0,0,2022-03-01T00:00:00Z,2022.1616438356164,1647406800,413.14,0.17,31,-89.98,-24.8,2821.28,2810.0,11.28,...
SPO,2022,4,1,0,0,0,2022-04-01T00:00:00Z,2022.2465753424656,1650085200,413.41,0.11,30,-89.98,-24.8,2821.28,2810.0,11.28,...
SPO,2022,5,1,0,0,0,2022-05-01T00:00:00Z,2022.3287671232877,1652677200,413.74,0.14,31,-89.98,-24.8,2821.28,2810.0,11.28,...
SPO,2022,6,1,0,0,0,2022-06-01T00:00:00Z,2022.4136986301369,1655355600,414.21,0.15,30,-89.98,-24.8,2821.28,2810.0,11.28,...
SPO,2022,7,1,0,0,0,2022-07-01T00:00:00Z,2022.495890410959,1657947600,414.63,0.19,31,-89.98,-24.8,2821.28,2810.0,11.28,...
SPO,2022,8,1,0,0,0,2022-08-01T00:00:00Z,2022.580821917808,1660626000,415.2,0.16,31,-89.98,-24.8,2821.28,2810.0,11.28,...
SPO,2022,9,1,0,0,0,2022-09-01T00:00:00Z,2022.6657534246576,1663304400,415.59,0.08,30,-89.98,-24.8,2821.28,2810.0,11.28,...
SPO,2022,10,1,0,0,0,2022-10-01T00:00:00Z,2022.7479452054797,1665896400,415.62,0.07,31,-89.98,-24.8,2821.28,2810.0,11.28,...
SPO,2022,11,1,0,0,0,2022-11-01T00:00:00Z,2022.8328767123287,1668574800,415.53,0.04,30,-89.98,-24.8,2821.28,2810.0,11.28,...
SPO,2022,12,1,0,0,0,2022-12-01T00:00:00Z,2022.9150684931508,1671166800,415.46,0.08,30,-89.98,-24.8,2821.28,2810.0,11.28,...
SPO,2023,1,1,0,0,0,2023-01-01T00:00:00Z,2023.0,1673845200,415.22,0.19,31,-89.98,-24.8,2821.28,2810.0,11.28,...
SPO,2023,2,1,0,0,0,2023-02-01T00:00:00Z,2023.0849315068492,1676523600,415.14,0.21,28,-89.98,-24.8,2821.28,2810.0,11.28,...
SPO,2023,3,1,0,0,0,2023-03-01T00:00:00Z,2023.1616438356164,1678942800,415.08,0.14,31,-89.98,-24.8,2821.28,2810.0,11.28,...
SPO,2023,4,1,0,0,0,2023-04-01T00:00:00Z,2023.2465753424656,1681621200,415.43,0.18,30,-89.98,-24.8,2821.28,2810.0,11.28,...
SPO,2023,5,1,0,0,0,2023-05-01T00:00:00Z,2023.3287671232877,1684213200,415.9,0.09,31,-89.98,-24.8,2821.28,2810.0,11.28,...
SPO,2023,6,1,0,0,0,2023-06-01T00:00:00Z,2023.4136986301369,1686891600,416.28,0.13,30,-89.98,-24.8,2821.28,2810.0,11.28,...
SPO,2023,7,1,0,0,0,2023-07-01T00:00:00Z,2023.495890410959,1689483600,416.67,0.13,30,-89.98,-24.8,2821.28,2810.0,11.28,...
SPO,2023,8,1,0,0,0,2023-08-01T00:00:00Z,2023.580821917808,1692162000,417.14,0.18,30,-89.98,-24.8,2821.28,2810.0,11.28,...
SPO,2023,9,1,0,0,0,2023-09-01T00:00:00Z,2023.6657534246576,1694840400,417.56,0.09,30,-89.98,-24.8,2821.28,2810.0,11.28,...
SPO,2023,10,1,0,0,0,2023-10-01T00:00:00Z,2023.7479452054797,1697432400,417.76,0.06,31,-89.98,-24.8,2821.28,2810.0,11.28,...
SPO,2023,11,1,0,0,0,2023-11-01T00:00:00Z,2023.8328767123287,1700110800,417.88,0.04,29,-89.98,-24.8,2821.28,2810.0,11.28,...
SPO,2023,12,1,0,0,0,2023-12-01T00:00:00Z,2023.9150684931508,1702702800,417.96,0.13,30,-89.98,-24.8,2821.28,2810.0,11.28,...
SPO,2024,1,1,0,0,0,2024-01-01T00:00:00Z,2024.0,1705381200,417.96,0.2,31,-89.98,-24.8,2821.28,2810.0,11.28,...
SPO,2024,2,1,0,0,0,2024-02-01T00:00:00Z,2024.084699453552,1708059600,418.28,0.22,29,-89.98,-24.8,2821.28,2810.0,11.28,...
SPO,2024,3,1,0,0,0,2024-03-01T00:00:00Z,2024.1639344262296,1710565200,418.43,0.26,31,-89.98,-24.8,2821.28,2810.0,11.28,...
SPO,2024,4,1,0,0,0,2024-04-01T00:00:00Z,2024.2486338797817,1713243600,418.82,0.21,30,-89.98,-24.8,2821.28,2810.0,11.28,...
SPO,2024,5,1,0,0,0,2024-05-01T00:00:00Z,2024.330601092896,1715835600,419.7,0.07,12,-89.98,-24.8,2821.28,2810.0,11.28,...
SPO,2024,6,1,0,0,0,2024-06-01T00:00:00Z,2024.415300546448,1718514000,419.99,0.1,30,-89.98,-24.8,2821.28,2810.0,11.28,...
SPO,2024,7,1,0,0,0,2024-07-01T00:00:00Z,2024.4972677595629,1721106000,420.51,0.24,31,-89.98,-24.8,2821.28,2810.0,11.28,...
SPO,2024,8,1,0,0,0,2024-08-01T00:00:00Z,2024.5819672131147,1723784400,421.06,0.08,31,-89.98,-24.8,2821.28,2810.0,11.28,...
SPO,2024,9,1,0,0,0,2024-09-01T00:00:00Z,2024.6666666666667,1726462800,421.33,0.06,30,-89.98,-24.8,2821.28,2810.0,11.28,...
SPO,2024,10,1,0,0,0,2024-10-01T00:00:00Z,2024.7486338797817,1729054800,421.48,0.06,31,-89.98,-24.8,2821.28,2810.0,11.28,...
SPO,2024,11,1,0,0,0,2024-11-01T00:00:00Z,2024.8333333333333,1731733200,421.6,0.05,30,-89.98,-24.8,2821.28,2810.0,11.28,...
SPO,2024,12,1,0,0,0,2024-12-01T00:00:00Z,2024.915300546448,1734325200,421.69,0.12,30,-89.98,-24.8,2821.28,2810.0,11.28,...
SPO,2025,1,1,0,0,0,2025-01-01T00:00:00Z,2025.0,1737003600,422.0,0.15,31,-89.98,-24.8,2821.28,2810.0,11.28,...
SPO,2025,2,1,0,0,0,2025-02-01T00:00:00Z,2025.0849315068492,1739682000,421.8,0.25,28,-89.98,-24.8,2821.28,2810.0,11.28,...
SPO,2025,3,1,0,0,0,2025-03-01T00:00:00Z,2025.1616438356164,1742101200,421.83,0.22,31,-89.98,-24.8,2821.28,2810.0,11.28,...
SPO,2025,4,1,0,0,0,2025-04-01T00:00:00Z,2025.2465753424656,1744779600,422.21,0.14,30,-89.98,-24.8,2821.28,2810.0,11.28,...
SPO,2025,5,1,0,0,0,2025-05-01T00:00:00Z,2025.3287671232877,1747371600,422.65,0.07,31,-89.98,-24.8,2821.28,2810.0,11.28,...
SPO,2025,6,1,0,0,0,2025-06-01T00:00:00Z,2025.4136986301369,1750050000,422.94,0.13,30,-89.98,-24.8,2821.28,2810.0,11.28,...
SPO,2025,7,1,0,0,0,2025-07-01T00:00:00Z,2025.495890410959,1752642000,423.4,0.17,30,-89.98,-24.8,2821.28,2810.0,11.28,...
SPO,2025,8,1,0,0,0,2025-08-01T00:00:00Z,2025.580821917808,1755320400,423.86,0.14,31,-89.98,-24.8,2821.28,2810.0,11.28,...
SPO,2025,9,1,0,0,0,2025-09-01T00:00:00Z,2025.6657534246576,1757998800,424.04,0.08,30,-89.98,-24.8,2821.28,2810.0,11.28,...
SPO,2025,10,1,0,0,0,2025-10-01T00:00:00Z,2025.7479452054797,1760590800,423.97,0.08,31,-89.98,-24.8,2821.28,2810.0,11.28,...
SPO,2025,11,1,0,0,0,2025-11-01T00:00:00Z,2025.8328767123287,1763269200,423.81,0.06,29,-89.98,-24.8,2821.28,2810.0,11.28,...
SPO,2025,12,1,0,0,0,2025-12-01T00:00:00Z,2025.9150684931508,1765861200,423.78,0.11,31,-89.98,-24.8,2821.28,2810.0,11.28,...
